"depth","depth_no_turb","year_bp_ams","year_bp_varve","core_id","turbidite_flag","indiscernible_flag","layer_thickness","organic_matter","D10","D25","D50","D75","D90","perc_clay","perc_silt","perc_sand"
4.4,4.4,-65,-65,"E13",FALSE,TRUE,4.4,4.223,2.47,4.72,8.65,15.2,24.2,8.39,90.88,0.73
7.1,7.1,-63,-64,"E13",FALSE,TRUE,2.7,4.223,2.47,4.72,8.65,15.2,24.2,8.39,90.88,0.73
9.1,9.1,-62,-63,"E13",FALSE,FALSE,2.1,4.223,2.47,4.72,8.65,15.2,24.2,8.39,90.88,0.73
11,11,-61,-62,"E13",FALSE,FALSE,1.9,4.223,2.47,4.72,8.65,15.2,24.2,8.39,90.88,0.73
13.1,13.1,-60,-61,"E13",FALSE,FALSE,2.1,4.223,2.47,4.72,8.65,15.2,24.2,8.39,90.88,0.73
16.1,16.1,-58,-59,"E13",FALSE,TRUE,3.1,4.223,2.47,4.72,8.65,15.2,24.2,8.39,90.88,0.73
18.7,18.7,-57,-58,"E13",FALSE,TRUE,2.6,4.223,2.47,4.72,8.65,15.2,24.2,8.39,90.88,0.73
21.1,21.1,-55,-57,"E13",FALSE,FALSE,2.4,NA,NA,NA,NA,NA,NA,NA,NA,NA
22.9,22.9,-54,-56,"E13",FALSE,FALSE,1.8,NA,NA,NA,NA,NA,NA,NA,NA,NA
25,25,-53,-55,"E13",FALSE,FALSE,2.1,NA,NA,NA,NA,NA,NA,NA,NA,NA
26.9,26.9,-52,-54,"E13",FALSE,FALSE,1.9,NA,NA,NA,NA,NA,NA,NA,NA,NA
28.3,28.3,-51,-53,"E13",FALSE,FALSE,1.4,NA,NA,NA,NA,NA,NA,NA,NA,NA
30.1,30.1,-50,-52,"E13",FALSE,FALSE,1.8,NA,NA,NA,NA,NA,NA,NA,NA,NA
32.6,32.6,-49,-51,"E13",FALSE,FALSE,2.5,NA,NA,NA,NA,NA,NA,NA,NA,NA
34.5,34.5,-48,-50,"E13",FALSE,FALSE,1.9,NA,NA,NA,NA,NA,NA,NA,NA,NA
36.1,36.1,-47,-49,"E13",FALSE,FALSE,1.6,NA,NA,NA,NA,NA,NA,NA,NA,NA
40.9,40.9,-44,-46,"E13",FALSE,TRUE,4.8,NA,NA,NA,NA,NA,NA,NA,NA,NA
42.4,42.4,-44,-45,"E13",FALSE,FALSE,1.5,NA,NA,NA,NA,NA,NA,NA,NA,NA
44.3,44.3,-43,-44,"E13",FALSE,FALSE,2,NA,NA,NA,NA,NA,NA,NA,NA,NA
46.3,46.3,-41,-43,"E13",FALSE,FALSE,1.9,NA,NA,NA,NA,NA,NA,NA,NA,NA
49,49,-40,-41,"E13",FALSE,TRUE,2.7,NA,NA,NA,NA,NA,NA,NA,NA,NA
51.3,51.3,-39,-40,"E13",FALSE,FALSE,2.4,3.947,3.41,5.49,9.44,15.85,24.6,3,96.62,0.375
54.1,54.1,-37,-38,"E13",FALSE,TRUE,2.7,3.947,3.41,5.49,9.44,15.85,24.6,3,96.62,0.375
55.8,55.8,-36,-37,"E13",FALSE,FALSE,1.7,3.947,3.41,5.49,9.44,15.85,24.6,3,96.62,0.375
57,57,-36,-36,"E13",FALSE,FALSE,1.2,3.947,3.41,5.49,9.44,15.85,24.6,3,96.62,0.375
59,59,-34,-35,"E13",FALSE,FALSE,2,3.947,3.41,5.49,9.44,15.85,24.6,3,96.62,0.375
60.1,60.1,-34,-34,"E13",FALSE,FALSE,1,3.947,3.41,5.49,9.44,15.85,24.6,3,96.62,0.375
62.8,62.8,-32,-32,"E13",FALSE,TRUE,2.7,3.947,3.41,5.49,9.44,15.85,24.6,3,96.62,0.375
64.4,64.4,-31,-31,"E13",FALSE,FALSE,1.6,3.947,3.41,5.49,9.44,15.85,24.6,3,96.62,0.375
65.3,65.3,-31,-30,"E13",FALSE,FALSE,0.9,3.947,3.41,5.49,9.44,15.85,24.6,3,96.62,0.375
67,67,-30,-29,"E13",FALSE,FALSE,1.8,3.947,3.41,5.49,9.44,15.85,24.6,3,96.62,0.375
69,69,-29,-28,"E13",FALSE,FALSE,1.9,3.947,3.41,5.49,9.44,15.85,24.6,3,96.62,0.375
69.7,69.7,-29,-27,"E13",FALSE,FALSE,0.8,3.947,3.41,5.49,9.44,15.85,24.6,3,96.62,0.375
72.8,72.8,-27,-25,"E13",FALSE,TRUE,3,NA,NA,NA,NA,NA,NA,NA,NA,NA
74.1,74.1,-26,-24,"E13",FALSE,FALSE,1.4,NA,NA,NA,NA,NA,NA,NA,NA,NA
75,75,-26,-23,"E13",FALSE,FALSE,0.9,NA,NA,NA,NA,NA,NA,NA,NA,NA
76.6,76.6,-25,-22,"E13",FALSE,FALSE,1.5,NA,NA,NA,NA,NA,NA,NA,NA,NA
77.8,77.8,-24,-21,"E13",FALSE,FALSE,1.2,NA,NA,NA,NA,NA,NA,NA,NA,NA
78.7,78.7,-24,-20,"E13",FALSE,FALSE,0.9,NA,NA,NA,NA,NA,NA,NA,NA,NA
79.9,79.9,-23,-19,"E13",FALSE,FALSE,1.1,NA,NA,NA,NA,NA,NA,NA,NA,NA
81.1,81.1,-22,-18,"E13",FALSE,FALSE,1.2,NA,NA,NA,NA,NA,NA,NA,NA,NA
106.8,106.8,-8,-6,"V1",FALSE,TRUE,25.7,4.15,2.54,4.92,9.26,16.5,26.4,8.09,91.1,0.81
108,108,-7,-5,"V1",FALSE,FALSE,1.2,4.15,2.54,4.92,9.26,16.5,26.4,8.09,91.1,0.81
111,111,-6,-4,"V1",FALSE,FALSE,3,4.15,2.54,4.92,9.26,16.5,26.4,8.09,91.1,0.81
123.4,123.4,1,2,"V1",FALSE,TRUE,12.4,4.091,3.86,5.94,10.1,17,26.3,0.35,99.07,0.58
137.6,137.6,9,8,"V1",FALSE,TRUE,14.2,4.091,3.86,5.94,10.1,17,26.3,0.35,99.07,0.58
139,139,10,9,"V1",FALSE,TRUE,1.5,4.091,3.86,5.94,10.1,17,26.3,0.35,99.07,0.58
166.4,166.4,25,21,"V1",FALSE,TRUE,27.4,4.465,2.33,4.71,8.98,16.2,26.2,8.88,90.39,0.73
238.1,238.1,64,53,"V1",FALSE,TRUE,71.7,NA,NA,NA,NA,NA,NA,NA,NA,NA
268.1,268.1,81,66,"V1",FALSE,TRUE,30.1,4.711,NA,NA,NA,NA,NA,NA,NA,NA
272.6,272.6,83,67,"V1",FALSE,FALSE,4.4,NA,NA,NA,NA,NA,NA,NA,NA,NA
278.2,278.2,87,68,"V1",FALSE,FALSE,5.7,NA,NA,NA,NA,NA,NA,NA,NA,NA
279.9,279.9,87,69,"V1",FALSE,FALSE,1.7,NA,NA,NA,NA,NA,NA,NA,NA,NA
282.2,282.2,89,70,"V1",FALSE,FALSE,2.2,NA,NA,NA,NA,NA,NA,NA,NA,NA
285,285,90,71,"V1",FALSE,FALSE,2.9,NA,NA,NA,NA,NA,NA,NA,NA,NA
289.5,289.5,93,72,"V1",FALSE,FALSE,4.5,NA,NA,NA,NA,NA,NA,NA,NA,NA
292.1,292.1,94,73,"V1",FALSE,FALSE,2.6,NA,NA,NA,NA,NA,NA,NA,NA,NA
295.2,295.2,96,74,"V1",FALSE,TRUE,3.1,NA,NA,NA,NA,NA,NA,NA,NA,NA
297.8,297.8,97,75,"V1",FALSE,FALSE,2.7,NA,NA,NA,NA,NA,NA,NA,NA,NA
300,300,99,76,"V1",FALSE,FALSE,2.2,4.632,1.07,3.99,8.53,17.1,29.3,13.11,85.67,1.22
301.8,301.8,100,77,"V1",FALSE,FALSE,1.8,4.632,1.07,3.99,8.53,17.1,29.3,13.11,85.67,1.22
303.9,303.9,101,78,"V1",FALSE,FALSE,2.1,4.632,1.07,3.99,8.53,17.1,29.3,13.11,85.67,1.22
305,305,101,79,"V1",FALSE,FALSE,1.1,4.632,1.07,3.99,8.53,17.1,29.3,13.11,85.67,1.22
307.9,307.9,103,80,"V1",FALSE,FALSE,2.8,4.632,1.07,3.99,8.53,17.1,29.3,13.11,85.67,1.22
309.6,309.6,104,81,"V1",FALSE,FALSE,1.7,4.632,1.07,3.99,8.53,17.1,29.3,13.11,85.67,1.22
317.2,317.2,108,85,"V1",FALSE,TRUE,7.6,4.632,1.07,3.99,8.53,17.1,29.3,13.11,85.67,1.22
319,319,109,86,"V1",FALSE,FALSE,1.8,4.632,1.07,3.99,8.53,17.1,29.3,13.11,85.67,1.22
322.3,322.3,111,87,"V1",FALSE,FALSE,3.4,NA,NA,NA,NA,NA,NA,NA,NA,NA
325,325,112,88,"V1",FALSE,FALSE,2.6,NA,NA,NA,NA,NA,NA,NA,NA,NA
327.1,327.1,114,89,"V1",FALSE,FALSE,2.2,NA,NA,NA,NA,NA,NA,NA,NA,NA
337.9,337.9,119,95,"V1",FALSE,TRUE,10.7,NA,NA,NA,NA,NA,NA,NA,NA,NA
339.6,339.6,120,96,"V1",FALSE,FALSE,1.7,NA,NA,NA,NA,NA,NA,NA,NA,NA
340.7,340.7,121,97,"V1",FALSE,FALSE,1.2,NA,NA,NA,NA,NA,NA,NA,NA,NA
341.8,341.8,122,98,"V1",FALSE,FALSE,1.1,NA,NA,NA,NA,NA,NA,NA,NA,NA
343,343,122,99,"V1",FALSE,FALSE,1.2,NA,NA,NA,NA,NA,NA,NA,NA,NA
343.9,343.9,123,100,"V1",FALSE,FALSE,0.9,NA,NA,NA,NA,NA,NA,NA,NA,NA
345.2,345.2,123,101,"V1",FALSE,FALSE,1.3,NA,NA,NA,NA,NA,NA,NA,NA,NA
346.2,346.2,124,102,"V1",FALSE,FALSE,1,NA,NA,NA,NA,NA,NA,NA,NA,NA
347.5,347.5,125,103,"V1",FALSE,FALSE,1.3,NA,NA,NA,NA,NA,NA,NA,NA,NA
364,364,134,114,"V1",FALSE,TRUE,16.5,4.719,NA,NA,NA,NA,NA,NA,NA,NA
365.1,365.1,134,115,"V1",FALSE,FALSE,1.1,4.719,NA,NA,NA,NA,NA,NA,NA,NA
365.9,365.9,135,116,"V1",FALSE,FALSE,0.8,4.719,NA,NA,NA,NA,NA,NA,NA,NA
367.2,367.2,136,117,"V1",FALSE,FALSE,1.2,4.719,NA,NA,NA,NA,NA,NA,NA,NA
368.5,368.5,136,118,"V1",FALSE,FALSE,1.3,4.719,NA,NA,NA,NA,NA,NA,NA,NA
370.5,370.5,137,119,"V1",FALSE,FALSE,2,NA,NA,NA,NA,NA,NA,NA,NA,NA
372.2,372.2,138,120,"V1",FALSE,FALSE,1.7,NA,NA,NA,NA,NA,NA,NA,NA,NA
373.3,373.3,139,121,"V1",FALSE,FALSE,1.1,NA,NA,NA,NA,NA,NA,NA,NA,NA
374.2,374.2,139,122,"V1",FALSE,FALSE,0.8,NA,NA,NA,NA,NA,NA,NA,NA,NA
411.1,411.1,160,150,"V1",FALSE,TRUE,36.9,4.85,1.05,3.98,8.44,16.7,28.4,13.12,85.93,0.95
412.2,412.2,160,151,"V1",FALSE,FALSE,1.1,4.85,1.05,3.98,8.44,16.7,28.4,13.12,85.93,0.95
414.3,414.3,162,152,"V1",FALSE,FALSE,2.1,4.85,1.05,3.98,8.44,16.7,28.4,13.12,85.93,0.95
416.7,416.7,163,153,"V1",FALSE,FALSE,2.4,4.85,1.05,3.98,8.44,16.7,28.4,13.12,85.93,0.95
456.2,456.2,185,183,"V1",FALSE,TRUE,39.5,5.029,NA,NA,NA,NA,NA,NA,NA,NA
457.6,457.6,186,184,"V1",FALSE,FALSE,1.4,5.029,NA,NA,NA,NA,NA,NA,NA,NA
458.3,458.3,186,185,"V1",FALSE,FALSE,0.7,5.029,NA,NA,NA,NA,NA,NA,NA,NA
460.4,460.4,187,186,"V1",FALSE,FALSE,2,5.029,NA,NA,NA,NA,NA,NA,NA,NA
461.7,461.7,188,187,"V1",FALSE,FALSE,1.3,5.029,NA,NA,NA,NA,NA,NA,NA,NA
478.6,478.6,197,199,"V1",FALSE,TRUE,16.9,NA,NA,NA,NA,NA,NA,NA,NA,NA
479.6,479.6,198,200,"V1",FALSE,FALSE,1.1,NA,NA,NA,NA,NA,NA,NA,NA,NA
480.5,480.5,198,201,"V1",FALSE,FALSE,0.9,NA,NA,NA,NA,NA,NA,NA,NA,NA
481.5,481.5,199,202,"V1",FALSE,FALSE,1,NA,NA,NA,NA,NA,NA,NA,NA,NA
483.1,483.1,200,203,"V1",FALSE,FALSE,1.6,NA,NA,NA,NA,NA,NA,NA,NA,NA
484.4,484.4,200,204,"V1",FALSE,FALSE,1.3,NA,NA,NA,NA,NA,NA,NA,NA,NA
485.4,485.4,201,205,"V1",FALSE,FALSE,1.1,NA,NA,NA,NA,NA,NA,NA,NA,NA
486.7,486.7,202,206,"V1",FALSE,FALSE,1.3,NA,NA,NA,NA,NA,NA,NA,NA,NA
488.1,488.1,202,207,"V1",FALSE,FALSE,1.3,NA,NA,NA,NA,NA,NA,NA,NA,NA
489,489,203,208,"V1",FALSE,FALSE,1,NA,NA,NA,NA,NA,NA,NA,NA,NA
490.4,490.4,204,209,"V1",FALSE,FALSE,1.3,NA,NA,NA,NA,NA,NA,NA,NA,NA
492.8,492.8,205,210,"V1",FALSE,FALSE,2.4,NA,NA,NA,NA,NA,NA,NA,NA,NA
494.1,494.1,206,211,"V1",FALSE,FALSE,1.3,NA,NA,NA,NA,NA,NA,NA,NA,NA
495.6,495.6,206,212,"V1",FALSE,FALSE,1.5,NA,NA,NA,NA,NA,NA,NA,NA,NA
496.5,496.5,207,213,"V1",FALSE,FALSE,0.9,NA,NA,NA,NA,NA,NA,NA,NA,NA
497.6,497.6,208,214,"V1",FALSE,FALSE,1.1,NA,NA,NA,NA,NA,NA,NA,NA,NA
499.1,499.1,208,215,"V1",FALSE,FALSE,1.5,NA,NA,NA,NA,NA,NA,NA,NA,NA
531.9,531.9,227,234,"V1",FALSE,TRUE,32.9,NA,NA,NA,NA,NA,NA,NA,NA,NA
534.2,534.2,228,235,"V1",FALSE,FALSE,2.3,NA,NA,NA,NA,NA,NA,NA,NA,NA
536.8,536.8,229,236,"V1",FALSE,FALSE,2.6,NA,NA,NA,NA,NA,NA,NA,NA,NA
538.8,538.8,230,237,"V1",FALSE,FALSE,1.9,NA,NA,NA,NA,NA,NA,NA,NA,NA
540.9,540.9,232,238,"V1",FALSE,FALSE,2.2,NA,NA,NA,NA,NA,NA,NA,NA,NA
551.5,551.5,237,243,"V1",FALSE,TRUE,10.6,NA,NA,NA,NA,NA,NA,NA,NA,NA
553.5,553.5,238,244,"V1",FALSE,FALSE,2,NA,NA,NA,NA,NA,NA,NA,NA,NA
555.1,555.1,239,245,"V1",FALSE,FALSE,1.6,NA,NA,NA,NA,NA,NA,NA,NA,NA
556.6,556.6,240,246,"V1",FALSE,FALSE,1.4,NA,NA,NA,NA,NA,NA,NA,NA,NA
557.8,557.8,241,247,"V1",FALSE,FALSE,1.3,NA,NA,NA,NA,NA,NA,NA,NA,NA
560.7,560.7,242,248,"V1",FALSE,FALSE,2.8,4.556,0.903,3.5,7.47,15.3,26.6,15.38,83.83,0.78
563.4,563.4,244,249,"V1",FALSE,FALSE,2.7,4.556,0.903,3.5,7.47,15.3,26.6,15.38,83.83,0.78
565.7,565.7,245,250,"V1",FALSE,FALSE,2.3,4.556,0.903,3.5,7.47,15.3,26.6,15.38,83.83,0.78
567.4,567.4,246,251,"V1",FALSE,FALSE,1.6,4.556,0.903,3.5,7.47,15.3,26.6,15.38,83.83,0.78
570,570,248,252,"V1",FALSE,FALSE,2.7,4.556,0.903,3.5,7.47,15.3,26.6,15.38,83.83,0.78
572.6,572.6,249,253,"V1",FALSE,FALSE,2.5,4.556,0.903,3.5,7.47,15.3,26.6,15.38,83.83,0.78
574.8,574.8,250,254,"V1",FALSE,FALSE,2.2,4.556,0.903,3.5,7.47,15.3,26.6,15.38,83.83,0.78
577.1,577.1,251,255,"V1",FALSE,FALSE,2.3,4.556,0.903,3.5,7.47,15.3,26.6,15.38,83.83,0.78
579.6,579.6,253,256,"V1",FALSE,FALSE,2.5,4.556,0.903,3.5,7.47,15.3,26.6,15.38,83.83,0.78
581.8,581.8,254,257,"V1",FALSE,FALSE,2.1,NA,NA,NA,NA,NA,NA,NA,NA,NA
584.3,584.3,255,258,"V1",FALSE,FALSE,2.5,NA,NA,NA,NA,NA,NA,NA,NA,NA
586.2,586.2,256,259,"V1",FALSE,FALSE,1.9,NA,NA,NA,NA,NA,NA,NA,NA,NA
588.6,588.6,258,260,"V1",FALSE,FALSE,2.4,NA,NA,NA,NA,NA,NA,NA,NA,NA
589.8,589.8,258,261,"V1",FALSE,FALSE,1.2,NA,NA,NA,NA,NA,NA,NA,NA,NA
591.7,591.7,260,262,"V1",FALSE,FALSE,1.9,NA,NA,NA,NA,NA,NA,NA,NA,NA
593.9,593.9,261,263,"V1",FALSE,FALSE,2.2,NA,NA,NA,NA,NA,NA,NA,NA,NA
595.9,595.9,262,264,"V1",FALSE,FALSE,2,NA,NA,NA,NA,NA,NA,NA,NA,NA
598.9,598.9,264,265,"V1",FALSE,FALSE,3,NA,NA,NA,NA,NA,NA,NA,NA,NA
601.1,601.1,265,266,"V1",FALSE,FALSE,2.2,NA,NA,NA,NA,NA,NA,NA,NA,NA
602.8,602.8,266,267,"V1",FALSE,FALSE,1.7,NA,NA,NA,NA,NA,NA,NA,NA,NA
604.3,604.3,266,268,"V1",FALSE,FALSE,1.5,NA,NA,NA,NA,NA,NA,NA,NA,NA
606.9,606.9,268,269,"V1",FALSE,FALSE,2.6,NA,NA,NA,NA,NA,NA,NA,NA,NA
609.3,609.3,269,270,"V1",FALSE,FALSE,2.4,NA,NA,NA,NA,NA,NA,NA,NA,NA
610.2,610.2,270,271,"V1",FALSE,FALSE,0.9,4.158,1.03,3.87,8,15.5,25.7,13.4,86.05,0.55
611.1,611.1,270,272,"V1",FALSE,FALSE,0.9,4.158,1.03,3.87,8,15.5,25.7,13.4,86.05,0.55
613.3,613.3,271,273,"V1",FALSE,FALSE,2.2,4.158,1.03,3.87,8,15.5,25.7,13.4,86.05,0.55
615.3,615.3,273,274,"V1",FALSE,FALSE,2,4.158,1.03,3.87,8,15.5,25.7,13.4,86.05,0.55
616.9,616.9,273,275,"V1",FALSE,FALSE,1.6,4.158,1.03,3.87,8,15.5,25.7,13.4,86.05,0.55
619.2,619.2,275,276,"V1",FALSE,FALSE,2.2,4.158,1.03,3.87,8,15.5,25.7,13.4,86.05,0.55
620.9,620.9,276,277,"V1",FALSE,FALSE,1.8,4.158,1.03,3.87,8,15.5,25.7,13.4,86.05,0.55
622.3,622.3,276,278,"V1",FALSE,FALSE,1.4,4.158,1.03,3.87,8,15.5,25.7,13.4,86.05,0.55
624.1,624.1,277,279,"V1",FALSE,FALSE,1.8,4.158,1.03,3.87,8,15.5,25.7,13.4,86.05,0.55
625.5,625.5,278,280,"V1",FALSE,FALSE,1.4,4.158,1.03,3.87,8,15.5,25.7,13.4,86.05,0.55
627.3,627.3,279,281,"V1",FALSE,FALSE,1.7,4.158,1.03,3.87,8,15.5,25.7,13.4,86.05,0.55
628.7,628.7,280,282,"V1",FALSE,FALSE,1.4,4.158,1.03,3.87,8,15.5,25.7,13.4,86.05,0.55
629.8,629.8,281,283,"V1",FALSE,FALSE,1.1,4.158,1.03,3.87,8,15.5,25.7,13.4,86.05,0.55
633,633,282,284,"V1",FALSE,FALSE,3.2,NA,NA,NA,NA,NA,NA,NA,NA,NA
634.7,634.7,283,285,"V1",FALSE,FALSE,1.7,NA,NA,NA,NA,NA,NA,NA,NA,NA
635.7,635.7,284,286,"V1",FALSE,FALSE,1.1,NA,NA,NA,NA,NA,NA,NA,NA,NA
645.1,645.1,289,291,"V1",FALSE,TRUE,9.4,NA,NA,NA,NA,NA,NA,NA,NA,NA
647.1,647.1,290,292,"V1",FALSE,TRUE,2,NA,NA,NA,NA,NA,NA,NA,NA,NA
648.3,648.3,291,293,"V1",FALSE,FALSE,1.3,NA,NA,NA,NA,NA,NA,NA,NA,NA
649.3,649.3,291,294,"V1",FALSE,FALSE,1,NA,NA,NA,NA,NA,NA,NA,NA,NA
650.8,650.8,292,295,"V1",FALSE,FALSE,1.5,NA,NA,NA,NA,NA,NA,NA,NA,NA
652.4,652.4,293,296,"V1",FALSE,FALSE,1.6,NA,NA,NA,NA,NA,NA,NA,NA,NA
653.6,653.6,294,297,"V1",FALSE,FALSE,1.2,NA,NA,NA,NA,NA,NA,NA,NA,NA
663.2,663.2,299,302,"V1",FALSE,TRUE,9.6,4.304,1.06,3.94,8.08,15.4,25.3,13.09,86.4,0.5
665.6,665.6,300,303,"V1",FALSE,FALSE,2.4,4.304,1.06,3.94,8.08,15.4,25.3,13.09,86.4,0.5
667.6,667.6,301,304,"V1",FALSE,FALSE,2,4.304,1.06,3.94,8.08,15.4,25.3,13.09,86.4,0.5
679,679,308,310,"V1",FALSE,TRUE,11.4,4.304,1.06,3.94,8.08,15.4,25.3,13.09,86.4,0.5
681.5,681.5,309,311,"V1",FALSE,FALSE,2.6,NA,NA,NA,NA,NA,NA,NA,NA,NA
683.4,683.4,310,312,"V1",FALSE,FALSE,1.9,NA,NA,NA,NA,NA,NA,NA,NA,NA
685.9,685.9,312,313,"V1",FALSE,FALSE,2.5,NA,NA,NA,NA,NA,NA,NA,NA,NA
687.6,687.6,312,314,"V1",FALSE,FALSE,1.7,NA,NA,NA,NA,NA,NA,NA,NA,NA
690.3,690.3,314,315,"V1",FALSE,FALSE,2.6,NA,NA,NA,NA,NA,NA,NA,NA,NA
693.2,693.2,316,316,"V1",FALSE,FALSE,3,NA,NA,NA,NA,NA,NA,NA,NA,NA
738.5,738.5,341,338,"V1",FALSE,TRUE,45.3,NA,NA,NA,NA,NA,NA,NA,NA,NA
740.8,740.8,342,339,"V1",FALSE,FALSE,2.2,NA,NA,NA,NA,NA,NA,NA,NA,NA
743.3,743.3,343,340,"V1",FALSE,FALSE,2.5,NA,NA,NA,NA,NA,NA,NA,NA,NA
745.3,745.3,344,341,"V1",FALSE,FALSE,2,NA,NA,NA,NA,NA,NA,NA,NA,NA
747.2,747.2,345,342,"V1",FALSE,FALSE,2,NA,NA,NA,NA,NA,NA,NA,NA,NA
756.5,756.5,350,346,"V1",FALSE,TRUE,9.2,NA,NA,NA,NA,NA,NA,NA,NA,NA
759.2,759.2,352,347,"V1",FALSE,FALSE,2.7,NA,NA,NA,NA,NA,NA,NA,NA,NA
761,761,353,348,"V1",FALSE,FALSE,1.8,4.627,0.988,3.71,7.9,15.8,26.8,14.23,85.01,0.76
766.9,766.9,356,351,"V1",FALSE,TRUE,5.9,4.627,0.988,3.71,7.9,15.8,26.8,14.23,85.01,0.76
768.5,768.5,357,352,"V1",FALSE,FALSE,1.5,4.627,0.988,3.71,7.9,15.8,26.8,14.23,85.01,0.76
771,771,358,353,"V1",FALSE,FALSE,2.5,4.627,0.988,3.71,7.9,15.8,26.8,14.23,85.01,0.76
773.8,773.8,360,354,"V1",FALSE,FALSE,2.9,4.627,0.988,3.71,7.9,15.8,26.8,14.23,85.01,0.76
776.4,776.4,361,355,"V1",FALSE,FALSE,2.6,4.627,0.988,3.71,7.9,15.8,26.8,14.23,85.01,0.76
789.7,776.4,361,355,"V1",TRUE,FALSE,13.3,NA,NA,NA,NA,NA,NA,NA,NA,NA
791.4,778.1,362,356,"V1",FALSE,FALSE,1.7,NA,NA,NA,NA,NA,NA,NA,NA,NA
792.7,779.4,363,357,"V1",FALSE,FALSE,1.4,NA,NA,NA,NA,NA,NA,NA,NA,NA
798.8,785.5,366,360,"V1",FALSE,TRUE,6.1,NA,NA,NA,NA,NA,NA,NA,NA,NA
800.5,787.2,367,361,"V1",FALSE,FALSE,1.7,NA,NA,NA,NA,NA,NA,NA,NA,NA
802.4,789.1,368,362,"V1",FALSE,FALSE,1.9,NA,NA,NA,NA,NA,NA,NA,NA,NA
804.4,791.1,370,363,"V1",FALSE,FALSE,2,NA,NA,NA,NA,NA,NA,NA,NA,NA
806.8,793.5,371,364,"V1",FALSE,FALSE,2.5,NA,NA,NA,NA,NA,NA,NA,NA,NA
808.3,795.1,372,365,"V1",FALSE,FALSE,1.5,NA,NA,NA,NA,NA,NA,NA,NA,NA
809.8,796.5,373,366,"V1",FALSE,FALSE,1.4,4.393,0.954,3.73,8.01,16.2,27.6,14.32,84.82,0.85
811.6,798.3,374,367,"V1",FALSE,FALSE,1.8,4.393,0.954,3.73,8.01,16.2,27.6,14.32,84.82,0.85
813.8,800.5,375,368,"V1",FALSE,FALSE,2.2,4.393,0.954,3.73,8.01,16.2,27.6,14.32,84.82,0.85
815.6,802.3,376,369,"V1",FALSE,FALSE,1.9,4.393,0.954,3.73,8.01,16.2,27.6,14.32,84.82,0.85
818.3,805,377,370,"V1",FALSE,FALSE,2.7,4.393,0.954,3.73,8.01,16.2,27.6,14.32,84.82,0.85
820.1,806.8,378,371,"V1",FALSE,FALSE,1.8,4.393,0.954,3.73,8.01,16.2,27.6,14.32,84.82,0.85
821.9,808.6,379,372,"V1",FALSE,FALSE,1.7,4.393,0.954,3.73,8.01,16.2,27.6,14.32,84.82,0.85
824.4,811.2,381,373,"V1",FALSE,FALSE,2.6,4.393,0.954,3.73,8.01,16.2,27.6,14.32,84.82,0.85
825.6,812.3,381,374,"V1",FALSE,FALSE,1.1,4.393,0.954,3.73,8.01,16.2,27.6,14.32,84.82,0.85
830,816.7,384,376,"V1",FALSE,TRUE,4.4,4.393,0.954,3.73,8.01,16.2,27.6,14.32,84.82,0.85
838.6,825.3,388,380,"V1",FALSE,TRUE,8.6,NA,4.14,6.17,9.98,16,24,0.09,99.45,0.46
839.7,826.4,389,381,"V1",FALSE,FALSE,1.1,NA,4.14,6.17,9.98,16,24,0.09,99.45,0.46
841.3,828,390,382,"V1",FALSE,FALSE,1.5,NA,4.14,6.17,9.98,16,24,0.09,99.45,0.46
843.3,830.1,391,383,"V1",FALSE,FALSE,2.1,NA,4.14,6.17,9.98,16,24,0.09,99.45,0.46
844.5,831.2,392,384,"V1",FALSE,FALSE,1.1,NA,4.14,6.17,9.98,16,24,0.09,99.45,0.46
845.9,832.6,392,385,"V1",FALSE,FALSE,1.4,NA,4.14,6.17,9.98,16,24,0.09,99.45,0.46
908.6,895.3,427,414,"V1",FALSE,TRUE,62.7,NA,NA,NA,NA,NA,NA,NA,NA,NA
911.5,898.2,429,415,"V1",FALSE,FALSE,2.9,4.851,0.797,3.05,6.67,13.9,24.5,18.07,81.47,0.46
914.2,900.9,430,416,"V1",FALSE,FALSE,2.7,4.851,0.797,3.05,6.67,13.9,24.5,18.07,81.47,0.46
916.6,903.3,431,417,"V1",FALSE,FALSE,2.4,4.851,0.797,3.05,6.67,13.9,24.5,18.07,81.47,0.46
919.1,905.8,433,418,"V1",FALSE,FALSE,2.5,4.851,0.797,3.05,6.67,13.9,24.5,18.07,81.47,0.46
922.3,909,435,419,"V1",FALSE,FALSE,3.1,4.851,0.797,3.05,6.67,13.9,24.5,18.07,81.47,0.46
924.3,911,436,420,"V1",FALSE,FALSE,2.1,4.851,0.797,3.05,6.67,13.9,24.5,18.07,81.47,0.46
925.7,912.4,436,421,"V1",FALSE,FALSE,1.4,4.851,0.797,3.05,6.67,13.9,24.5,18.07,81.47,0.46
929,915.7,438,422,"V1",FALSE,FALSE,3.3,4.851,0.797,3.05,6.67,13.9,24.5,18.07,81.47,0.46
932.3,919.1,440,423,"V1",FALSE,FALSE,3.3,NA,NA,NA,NA,NA,NA,NA,NA,NA
934.4,921.1,441,424,"V1",FALSE,FALSE,2.1,NA,NA,NA,NA,NA,NA,NA,NA,NA
936.2,922.9,442,425,"V1",FALSE,FALSE,1.8,4.698,NA,NA,NA,NA,NA,NA,NA,NA
939,925.7,444,426,"V1",FALSE,FALSE,2.8,4.698,NA,NA,NA,NA,NA,NA,NA,NA
941.4,928.1,445,427,"V1",FALSE,FALSE,2.4,4.698,NA,NA,NA,NA,NA,NA,NA,NA
957.2,943.9,454,434,"V1",FALSE,TRUE,15.8,NA,NA,NA,NA,NA,NA,NA,NA,NA
959.3,946,455,435,"V1",FALSE,FALSE,2.1,NA,NA,NA,NA,NA,NA,NA,NA,NA
963.5,950.2,457,437,"V1",FALSE,TRUE,4.2,4.501,1.3,4.1,8.16,15.3,25.2,11.84,87.5,0.66
966.2,952.9,459,438,"V1",FALSE,FALSE,2.7,4.501,1.3,4.1,8.16,15.3,25.2,11.84,87.5,0.66
967.1,953.8,459,439,"V1",FALSE,FALSE,0.8,4.501,1.3,4.1,8.16,15.3,25.2,11.84,87.5,0.66
968.7,955.4,460,440,"V1",FALSE,FALSE,1.6,4.501,1.3,4.1,8.16,15.3,25.2,11.84,87.5,0.66
971.3,958,462,441,"V1",FALSE,FALSE,2.6,4.501,1.3,4.1,8.16,15.3,25.2,11.84,87.5,0.66
973.9,960.6,463,442,"V1",FALSE,FALSE,2.6,4.501,1.3,4.1,8.16,15.3,25.2,11.84,87.5,0.66
975.9,962.6,464,443,"V1",FALSE,FALSE,2,4.501,1.3,4.1,8.16,15.3,25.2,11.84,87.5,0.66
979.1,965.8,466,444,"V1",FALSE,FALSE,3.2,4.501,1.3,4.1,8.16,15.3,25.2,11.84,87.5,0.66
981.5,968.2,467,445,"V1",FALSE,FALSE,2.4,NA,NA,NA,NA,NA,NA,NA,NA,NA
984.3,971,469,446,"V1",FALSE,FALSE,2.8,NA,NA,NA,NA,NA,NA,NA,NA,NA
986.7,973.4,470,447,"V1",FALSE,FALSE,2.4,NA,NA,NA,NA,NA,NA,NA,NA,NA
988.5,975.2,471,448,"V1",FALSE,FALSE,1.8,NA,NA,NA,NA,NA,NA,NA,NA,NA
989.7,976.4,472,449,"V1",FALSE,FALSE,1.2,NA,NA,NA,NA,NA,NA,NA,NA,NA
991.4,978.2,473,450,"V1",FALSE,FALSE,1.7,NA,NA,NA,NA,NA,NA,NA,NA,NA
994.1,980.9,474,451,"V1",FALSE,FALSE,2.7,NA,NA,NA,NA,NA,NA,NA,NA,NA
997.7,984.4,476,452,"V1",FALSE,FALSE,3.5,NA,NA,NA,NA,NA,NA,NA,NA,NA
1000.8,987.6,478,453,"V1",FALSE,FALSE,3.2,NA,NA,NA,NA,NA,NA,NA,NA,NA
1002.6,989.3,479,454,"V1",FALSE,FALSE,1.7,NA,NA,NA,NA,NA,NA,NA,NA,NA
1004.9,991.6,480,455,"V1",FALSE,FALSE,2.3,NA,NA,NA,NA,NA,NA,NA,NA,NA
1007.4,994.1,482,456,"V1",FALSE,FALSE,2.5,NA,NA,NA,NA,NA,NA,NA,NA,NA
1009.9,996.6,483,457,"V1",FALSE,FALSE,2.5,4.741,0.879,3.41,7.42,15.2,26.2,16.06,83.27,0.67
1011.6,998.3,484,458,"V1",FALSE,FALSE,1.6,4.741,0.879,3.41,7.42,15.2,26.2,16.06,83.27,0.67
1013.6,1000.4,485,459,"V1",FALSE,FALSE,2.1,4.741,0.879,3.41,7.42,15.2,26.2,16.06,83.27,0.67
1015.3,1002,486,460,"V1",FALSE,FALSE,1.7,4.741,0.879,3.41,7.42,15.2,26.2,16.06,83.27,0.67
1017.5,1004.2,487,461,"V1",FALSE,FALSE,2.2,4.741,0.879,3.41,7.42,15.2,26.2,16.06,83.27,0.67
1018.6,1005.3,488,462,"V1",FALSE,FALSE,1.1,4.741,0.879,3.41,7.42,15.2,26.2,16.06,83.27,0.67
1019.8,1006.5,488,463,"V1",FALSE,FALSE,1.2,4.741,0.879,3.41,7.42,15.2,26.2,16.06,83.27,0.67
1021.7,1008.5,490,464,"V1",FALSE,FALSE,1.9,4.741,0.879,3.41,7.42,15.2,26.2,16.06,83.27,0.67
1023.4,1010.1,490,465,"V1",FALSE,FALSE,1.7,4.741,0.879,3.41,7.42,15.2,26.2,16.06,83.27,0.67
1025.9,1012.6,492,466,"V1",FALSE,FALSE,2.4,4.741,0.879,3.41,7.42,15.2,26.2,16.06,83.27,0.67
1028.5,1015.2,493,467,"V1",FALSE,FALSE,2.6,4.741,0.879,3.41,7.42,15.2,26.2,16.06,83.27,0.67
1030.3,1017.1,494,468,"V1",FALSE,FALSE,1.9,4.741,0.879,3.41,7.42,15.2,26.2,16.06,83.27,0.67
1032.4,1019.1,495,469,"V1",FALSE,FALSE,2,NA,NA,NA,NA,NA,NA,NA,NA,NA
1034.1,1020.8,496,470,"V1",FALSE,FALSE,1.8,NA,NA,NA,NA,NA,NA,NA,NA,NA
1035.8,1022.5,497,471,"V1",FALSE,FALSE,1.7,NA,NA,NA,NA,NA,NA,NA,NA,NA
1037.9,1024.6,498,472,"V1",FALSE,FALSE,2.1,NA,NA,NA,NA,NA,NA,NA,NA,NA
1040.4,1027.1,500,473,"V1",FALSE,FALSE,2.5,NA,NA,NA,NA,NA,NA,NA,NA,NA
1041.6,1028.3,500,474,"V1",FALSE,FALSE,1.2,NA,NA,NA,NA,NA,NA,NA,NA,NA
1043.8,1030.5,502,475,"V1",FALSE,FALSE,2.2,NA,NA,NA,NA,NA,NA,NA,NA,NA
1046.1,1032.8,503,476,"V1",FALSE,FALSE,2.3,NA,NA,NA,NA,NA,NA,NA,NA,NA
1048.2,1034.9,504,477,"V1",FALSE,FALSE,2.1,NA,NA,NA,NA,NA,NA,NA,NA,NA
1050,1036.7,505,478,"V1",FALSE,FALSE,1.7,NA,NA,NA,NA,NA,NA,NA,NA,NA
1051.7,1038.5,506,479,"V1",FALSE,FALSE,1.8,NA,NA,NA,NA,NA,NA,NA,NA,NA
1054,1040.7,507,480,"V1",FALSE,FALSE,2.2,NA,NA,NA,NA,NA,NA,NA,NA,NA
1056.6,1043.3,509,481,"V1",FALSE,FALSE,2.6,NA,NA,NA,NA,NA,NA,NA,NA,NA
1058.7,1045.5,510,482,"V1",FALSE,FALSE,2.2,NA,NA,NA,NA,NA,NA,NA,NA,NA
1060.2,1046.9,511,483,"V1",FALSE,FALSE,1.5,4.721,0.841,3.1,6.48,13.3,23.9,17.31,82.15,0.54
1062.1,1048.8,512,484,"V1",FALSE,FALSE,1.9,4.721,0.841,3.1,6.48,13.3,23.9,17.31,82.15,0.54
1063.4,1050.1,512,485,"V1",FALSE,FALSE,1.3,4.721,0.841,3.1,6.48,13.3,23.9,17.31,82.15,0.54
1065.1,1051.8,513,486,"V1",FALSE,FALSE,1.8,4.721,0.841,3.1,6.48,13.3,23.9,17.31,82.15,0.54
1067.7,1054.4,515,487,"V1",FALSE,FALSE,2.6,4.721,0.841,3.1,6.48,13.3,23.9,17.31,82.15,0.54
1070.3,1057,516,488,"V1",FALSE,FALSE,2.6,4.721,0.841,3.1,6.48,13.3,23.9,17.31,82.15,0.54
1071.9,1058.6,517,489,"V1",FALSE,FALSE,1.6,4.721,0.841,3.1,6.48,13.3,23.9,17.31,82.15,0.54
1072.9,1059.6,518,490,"V1",FALSE,FALSE,1,4.721,0.841,3.1,6.48,13.3,23.9,17.31,82.15,0.54
1074.2,1060.9,518,491,"V1",FALSE,FALSE,1.3,4.721,0.841,3.1,6.48,13.3,23.9,17.31,82.15,0.54
1076.4,1063.1,520,492,"V1",FALSE,FALSE,2.2,4.721,0.841,3.1,6.48,13.3,23.9,17.31,82.15,0.54
1078.5,1065.2,521,493,"V1",FALSE,FALSE,2.1,4.721,0.841,3.1,6.48,13.3,23.9,17.31,82.15,0.54
1087.7,1074.4,526,498,"V1",FALSE,TRUE,9.2,NA,NA,NA,NA,NA,NA,NA,NA,NA
1089.3,1076,527,499,"V1",FALSE,FALSE,1.6,NA,NA,NA,NA,NA,NA,NA,NA,NA
1090,1076.7,527,500,"V1",FALSE,FALSE,0.7,NA,NA,NA,NA,NA,NA,NA,NA,NA
1091.8,1078.5,528,501,"V1",FALSE,FALSE,1.8,NA,NA,NA,NA,NA,NA,NA,NA,NA
1093.1,1079.8,529,502,"V1",FALSE,FALSE,1.3,NA,NA,NA,NA,NA,NA,NA,NA,NA
1105,1091.7,535,509,"V1",FALSE,TRUE,11.9,NA,NA,NA,NA,NA,NA,NA,NA,NA
1106.3,1093,536,510,"V1",FALSE,FALSE,1.3,NA,NA,NA,NA,NA,NA,NA,NA,NA
1107.2,1093.9,537,511,"V1",FALSE,FALSE,0.9,NA,NA,NA,NA,NA,NA,NA,NA,NA
1108.4,1095.1,537,512,"V1",FALSE,FALSE,1.3,NA,NA,NA,NA,NA,NA,NA,NA,NA
1110.6,1097.3,539,513,"V1",FALSE,FALSE,2.2,4.837,0.86,3.19,6.57,13.3,23.9,16.69,82.46,0.85
1112.6,1099.3,540,514,"V1",FALSE,FALSE,2,4.837,0.86,3.19,6.57,13.3,23.9,16.69,82.46,0.85
1113.8,1100.5,540,515,"V1",FALSE,FALSE,1.2,4.837,0.86,3.19,6.57,13.3,23.9,16.69,82.46,0.85
1114.9,1101.6,541,516,"V1",FALSE,FALSE,1.1,4.837,0.86,3.19,6.57,13.3,23.9,16.69,82.46,0.85
1116.5,1103.2,542,517,"V1",FALSE,FALSE,1.6,4.837,0.86,3.19,6.57,13.3,23.9,16.69,82.46,0.85
1118,1104.7,543,518,"V1",FALSE,FALSE,1.5,4.837,0.86,3.19,6.57,13.3,23.9,16.69,82.46,0.85
1125.9,1112.6,547,523,"V1",FALSE,TRUE,7.9,4.837,0.86,3.19,6.57,13.3,23.9,16.69,82.46,0.85
1127.6,1114.3,548,524,"V1",FALSE,FALSE,1.8,4.837,0.86,3.19,6.57,13.3,23.9,16.69,82.46,0.85
1129.6,1116.3,549,525,"V1",FALSE,FALSE,2,4.837,0.86,3.19,6.57,13.3,23.9,16.69,82.46,0.85
1131.2,1117.9,550,526,"V1",FALSE,FALSE,1.6,NA,NA,NA,NA,NA,NA,NA,NA,NA
1132.3,1119,551,527,"V1",FALSE,FALSE,1.1,NA,NA,NA,NA,NA,NA,NA,NA,NA
1133.8,1120.5,551,528,"V1",FALSE,FALSE,1.5,NA,NA,NA,NA,NA,NA,NA,NA,NA
1135.6,1122.3,552,529,"V1",FALSE,FALSE,1.9,NA,NA,NA,NA,NA,NA,NA,NA,NA
1139.3,1126,554,530,"V1",FALSE,FALSE,3.7,NA,NA,NA,NA,NA,NA,NA,NA,NA
1142.2,1128.9,556,531,"V1",FALSE,FALSE,2.9,NA,NA,NA,NA,NA,NA,NA,NA,NA
1144.3,1131,557,532,"V1",FALSE,FALSE,2.1,NA,NA,NA,NA,NA,NA,NA,NA,NA
1146.8,1133.5,559,533,"V1",FALSE,FALSE,2.5,NA,NA,NA,NA,NA,NA,NA,NA,NA
1148,1134.7,559,534,"V1",FALSE,FALSE,1.2,NA,NA,NA,NA,NA,NA,NA,NA,NA
1149.8,1136.5,560,535,"V1",FALSE,FALSE,1.8,NA,NA,NA,NA,NA,NA,NA,NA,NA
1151.2,1137.9,561,536,"V1",FALSE,FALSE,1.4,NA,NA,NA,NA,NA,NA,NA,NA,NA
1152.6,1139.3,562,537,"V1",FALSE,FALSE,1.4,NA,NA,NA,NA,NA,NA,NA,NA,NA
1154.2,1140.9,563,538,"V1",FALSE,FALSE,1.6,NA,NA,NA,NA,NA,NA,NA,NA,NA
1156.5,1143.2,564,539,"V1",FALSE,FALSE,2.3,NA,NA,NA,NA,NA,NA,NA,NA,NA
1158.7,1145.4,565,540,"V1",FALSE,FALSE,2.2,NA,NA,NA,NA,NA,NA,NA,NA,NA
1161.7,1148.4,567,541,"V1",FALSE,FALSE,3,4.511,1.21,3.93,7.77,14.9,25,12.22,87.31,0.47
1163.9,1150.6,568,542,"V1",FALSE,FALSE,2.3,4.511,1.21,3.93,7.77,14.9,25,12.22,87.31,0.47
1165.7,1152.4,569,543,"V1",FALSE,FALSE,1.8,4.511,1.21,3.93,7.77,14.9,25,12.22,87.31,0.47
1167.2,1153.9,570,544,"V1",FALSE,FALSE,1.5,4.511,1.21,3.93,7.77,14.9,25,12.22,87.31,0.47
1168.9,1155.6,571,545,"V1",FALSE,FALSE,1.7,4.511,1.21,3.93,7.77,14.9,25,12.22,87.31,0.47
1170.3,1157,571,546,"V1",FALSE,FALSE,1.4,4.511,1.21,3.93,7.77,14.9,25,12.22,87.31,0.47
1172,1158.7,572,547,"V1",FALSE,FALSE,1.7,4.511,1.21,3.93,7.77,14.9,25,12.22,87.31,0.47
1173.1,1159.8,573,548,"V1",FALSE,FALSE,1.1,4.511,1.21,3.93,7.77,14.9,25,12.22,87.31,0.47
1175,1161.7,574,549,"V1",FALSE,FALSE,1.8,4.511,1.21,3.93,7.77,14.9,25,12.22,87.31,0.47
1176.8,1163.5,575,550,"V1",FALSE,FALSE,1.8,4.511,1.21,3.93,7.77,14.9,25,12.22,87.31,0.47
1178.6,1165.3,576,551,"V1",FALSE,FALSE,1.8,4.511,1.21,3.93,7.77,14.9,25,12.22,87.31,0.47
1180.2,1166.9,577,552,"V1",FALSE,FALSE,1.7,4.511,1.21,3.93,7.77,14.9,25,12.22,87.31,0.47
1181.6,1168.3,578,553,"V1",FALSE,FALSE,1.4,NA,NA,NA,NA,NA,NA,NA,NA,NA
1183.6,1170.3,579,554,"V1",FALSE,FALSE,2,NA,NA,NA,NA,NA,NA,NA,NA,NA
1185.1,1171.8,580,555,"V1",FALSE,FALSE,1.5,NA,NA,NA,NA,NA,NA,NA,NA,NA
1187.1,1173.8,581,556,"V1",FALSE,FALSE,1.9,NA,NA,NA,NA,NA,NA,NA,NA,NA
1189.1,1175.8,582,557,"V1",FALSE,FALSE,2,NA,NA,NA,NA,NA,NA,NA,NA,NA
1192.1,1178.8,584,558,"V1",FALSE,FALSE,3,NA,NA,NA,NA,NA,NA,NA,NA,NA
1194.3,1181,585,559,"V1",FALSE,FALSE,2.2,NA,NA,NA,NA,NA,NA,NA,NA,NA
1196.1,1182.8,586,560,"V1",FALSE,FALSE,1.7,NA,NA,NA,NA,NA,NA,NA,NA,NA
1197.9,1184.6,587,561,"V1",FALSE,FALSE,1.8,NA,NA,NA,NA,NA,NA,NA,NA,NA
1200,1186.7,588,562,"V1",FALSE,FALSE,2.1,NA,NA,NA,NA,NA,NA,NA,NA,NA
1201.9,1188.6,589,563,"V1",FALSE,FALSE,1.9,NA,NA,NA,NA,NA,NA,NA,NA,NA
1203.7,1190.5,590,564,"V1",FALSE,FALSE,1.8,NA,NA,NA,NA,NA,NA,NA,NA,NA
1205.8,1192.5,591,565,"V1",FALSE,FALSE,2,NA,NA,NA,NA,NA,NA,NA,NA,NA
1208.1,1194.8,592,566,"V1",FALSE,FALSE,2.4,NA,NA,NA,NA,NA,NA,NA,NA,NA
1210,1196.8,593,567,"V1",FALSE,FALSE,1.9,4.41,1.94,4.24,7.88,14.2,23.4,10.19,88.94,0.87
1212.7,1199.4,595,568,"V1",FALSE,FALSE,2.6,4.41,1.94,4.24,7.88,14.2,23.4,10.19,88.94,0.87
1215,1201.7,596,569,"V1",FALSE,FALSE,2.3,4.41,1.94,4.24,7.88,14.2,23.4,10.19,88.94,0.87
1217.5,1204.2,598,570,"V1",FALSE,FALSE,2.5,4.41,1.94,4.24,7.88,14.2,23.4,10.19,88.94,0.87
1221,1207.7,599,571,"V1",FALSE,FALSE,3.5,4.41,1.94,4.24,7.88,14.2,23.4,10.19,88.94,0.87
1222.8,1209.5,600,572,"V1",FALSE,FALSE,1.8,4.41,1.94,4.24,7.88,14.2,23.4,10.19,88.94,0.87
1224.5,1211.2,601,573,"V1",FALSE,FALSE,1.7,4.41,1.94,4.24,7.88,14.2,23.4,10.19,88.94,0.87
1226.8,1213.5,603,574,"V1",FALSE,FALSE,2.3,4.41,1.94,4.24,7.88,14.2,23.4,10.19,88.94,0.87
1229.1,1215.8,604,575,"V1",FALSE,FALSE,2.3,4.41,1.94,4.24,7.88,14.2,23.4,10.19,88.94,0.87
1231,1217.7,605,576,"V1",FALSE,FALSE,1.9,NA,NA,NA,NA,NA,NA,NA,NA,NA
1234,1220.7,607,577,"V1",FALSE,FALSE,3,NA,NA,NA,NA,NA,NA,NA,NA,NA
1235.8,1222.6,608,578,"V1",FALSE,FALSE,1.8,NA,NA,NA,NA,NA,NA,NA,NA,NA
1237.3,1224,608,579,"V1",FALSE,FALSE,1.5,NA,NA,NA,NA,NA,NA,NA,NA,NA
1239.3,1226.1,610,580,"V1",FALSE,FALSE,2,NA,NA,NA,NA,NA,NA,NA,NA,NA
1241.1,1227.8,611,581,"V1",FALSE,FALSE,1.8,NA,NA,NA,NA,NA,NA,NA,NA,NA
1243.2,1229.9,612,582,"V1",FALSE,FALSE,2.1,NA,NA,NA,NA,NA,NA,NA,NA,NA
1245.4,1232.1,613,583,"V1",FALSE,FALSE,2.2,NA,NA,NA,NA,NA,NA,NA,NA,NA
1248.6,1235.3,615,584,"V1",FALSE,FALSE,3.2,NA,NA,NA,NA,NA,NA,NA,NA,NA
1250.7,1237.4,616,585,"V1",FALSE,FALSE,2,NA,NA,NA,NA,NA,NA,NA,NA,NA
1251.9,1238.6,617,586,"V1",FALSE,FALSE,1.3,NA,NA,NA,NA,NA,NA,NA,NA,NA
1253.7,1240.4,618,587,"V1",FALSE,FALSE,1.8,NA,NA,NA,NA,NA,NA,NA,NA,NA
1255.8,1242.5,619,588,"V1",FALSE,FALSE,2,NA,NA,NA,NA,NA,NA,NA,NA,NA
1258.6,1245.3,620,589,"V1",FALSE,FALSE,2.9,NA,NA,NA,NA,NA,NA,NA,NA,NA
1262.4,1249.1,622,590,"V1",FALSE,FALSE,3.7,5.116,NA,NA,NA,NA,NA,NA,NA,NA
1264.9,1251.6,624,591,"V1",FALSE,FALSE,2.5,5.116,NA,NA,NA,NA,NA,NA,NA,NA
1267.4,1254.1,625,592,"V1",FALSE,FALSE,2.5,5.116,NA,NA,NA,NA,NA,NA,NA,NA
1270.3,1257,627,593,"V1",FALSE,FALSE,2.8,5.116,NA,NA,NA,NA,NA,NA,NA,NA
1273.1,1259.8,628,594,"V1",FALSE,FALSE,2.8,5.116,NA,NA,NA,NA,NA,NA,NA,NA
1274.9,1261.6,629,595,"V1",FALSE,FALSE,1.8,5.116,NA,NA,NA,NA,NA,NA,NA,NA
1276.8,1263.5,630,596,"V1",FALSE,FALSE,2,5.116,NA,NA,NA,NA,NA,NA,NA,NA
1278.1,1264.8,631,597,"V1",FALSE,FALSE,1.3,5.116,NA,NA,NA,NA,NA,NA,NA,NA
1280.1,1266.8,632,598,"V1",FALSE,FALSE,1.9,5.116,NA,NA,NA,NA,NA,NA,NA,NA
1283.6,1270.3,634,599,"V1",FALSE,FALSE,3.5,NA,NA,NA,NA,NA,NA,NA,NA,NA
1285.9,1272.7,635,600,"V1",FALSE,FALSE,2.3,NA,NA,NA,NA,NA,NA,NA,NA,NA
1287.8,1274.5,636,601,"V1",FALSE,FALSE,1.9,NA,NA,NA,NA,NA,NA,NA,NA,NA
1289.6,1276.3,637,602,"V1",FALSE,FALSE,1.7,NA,NA,NA,NA,NA,NA,NA,NA,NA
1290.9,1277.7,638,603,"V1",FALSE,FALSE,1.4,NA,NA,NA,NA,NA,NA,NA,NA,NA
1292.3,1279.1,639,604,"V1",FALSE,FALSE,1.4,NA,NA,NA,NA,NA,NA,NA,NA,NA
1293.9,1280.6,640,605,"V1",FALSE,FALSE,1.5,NA,NA,NA,NA,NA,NA,NA,NA,NA
1295.9,1282.6,641,606,"V1",FALSE,FALSE,2,NA,NA,NA,NA,NA,NA,NA,NA,NA
1297.8,1284.5,642,607,"V1",FALSE,FALSE,1.9,NA,NA,NA,NA,NA,NA,NA,NA,NA
1299.7,1286.4,643,608,"V1",FALSE,FALSE,1.9,NA,NA,NA,NA,NA,NA,NA,NA,NA
1300.8,1287.5,644,609,"V1",FALSE,FALSE,1.2,NA,NA,NA,NA,NA,NA,NA,NA,NA
1302.7,1289.4,645,610,"V1",FALSE,FALSE,1.8,NA,NA,NA,NA,NA,NA,NA,NA,NA
1304.4,1291.1,645,611,"V1",FALSE,FALSE,1.7,NA,NA,NA,NA,NA,NA,NA,NA,NA
1312.4,1299.1,650,615,"V1",FALSE,TRUE,8,5.043,0.83,3.07,6.52,13.6,24.4,17.58,81.74,0.68
1314.3,1301,651,616,"V1",FALSE,FALSE,1.9,5.043,0.83,3.07,6.52,13.6,24.4,17.58,81.74,0.68
1316,1302.7,652,617,"V1",FALSE,FALSE,1.7,5.043,0.83,3.07,6.52,13.6,24.4,17.58,81.74,0.68
1318,1304.7,653,618,"V1",FALSE,FALSE,1.9,5.043,0.83,3.07,6.52,13.6,24.4,17.58,81.74,0.68
1319.8,1306.5,654,619,"V1",FALSE,FALSE,1.8,5.043,0.83,3.07,6.52,13.6,24.4,17.58,81.74,0.68
1332,1318.7,661,626,"V1",FALSE,TRUE,12.2,NA,NA,NA,NA,NA,NA,NA,NA,NA
1333.5,1320.2,662,627,"V1",FALSE,TRUE,1.5,NA,NA,NA,NA,NA,NA,NA,NA,NA
1334.8,1321.5,662,628,"V1",FALSE,FALSE,1.3,NA,NA,NA,NA,NA,NA,NA,NA,NA
1336.5,1323.2,663,629,"V1",FALSE,FALSE,1.7,NA,NA,NA,NA,NA,NA,NA,NA,NA
1338.3,1325,664,630,"V1",FALSE,FALSE,1.8,NA,NA,NA,NA,NA,NA,NA,NA,NA
1340.7,1327.5,666,631,"V1",FALSE,FALSE,2.4,NA,NA,NA,NA,NA,NA,NA,NA,NA
1342.7,1329.4,667,632,"V1",FALSE,FALSE,1.9,NA,NA,NA,NA,NA,NA,NA,NA,NA
1344.4,1331.1,668,633,"V1",FALSE,FALSE,1.8,NA,NA,NA,NA,NA,NA,NA,NA,NA
1346.3,1333,669,634,"V1",FALSE,FALSE,1.9,NA,NA,NA,NA,NA,NA,NA,NA,NA
1348.1,1334.8,670,635,"V1",FALSE,FALSE,1.8,NA,NA,NA,NA,NA,NA,NA,NA,NA
1349.6,1336.3,670,636,"V1",FALSE,FALSE,1.5,NA,NA,NA,NA,NA,NA,NA,NA,NA
1351.7,1338.4,672,637,"V1",FALSE,FALSE,2.1,NA,NA,NA,NA,NA,NA,NA,NA,NA
1354.4,1341.1,673,638,"V1",FALSE,FALSE,2.7,NA,NA,NA,NA,NA,NA,NA,NA,NA
1357.3,1344,675,639,"V1",FALSE,FALSE,2.9,NA,NA,NA,NA,NA,NA,NA,NA,NA
1373.2,1344,675,639,"V1",TRUE,FALSE,15.9,4.813,NA,NA,NA,NA,NA,NA,NA,NA
1375.5,1346.2,676,640,"V1",FALSE,FALSE,2.2,4.813,NA,NA,NA,NA,NA,NA,NA,NA
1377.5,1348.3,677,641,"V1",FALSE,FALSE,2,4.813,NA,NA,NA,NA,NA,NA,NA,NA
1379.3,1350.1,678,642,"V1",FALSE,FALSE,1.8,4.813,NA,NA,NA,NA,NA,NA,NA,NA
1381,1351.8,679,643,"V1",FALSE,FALSE,1.8,NA,NA,NA,NA,NA,NA,NA,NA,NA
1382.5,1353.3,680,644,"V1",FALSE,FALSE,1.5,NA,NA,NA,NA,NA,NA,NA,NA,NA
1384.4,1355.2,681,645,"V1",FALSE,FALSE,1.9,NA,NA,NA,NA,NA,NA,NA,NA,NA
1386,1356.8,682,646,"V1",FALSE,FALSE,1.6,NA,NA,NA,NA,NA,NA,NA,NA,NA
1387.9,1358.7,683,647,"V1",FALSE,FALSE,1.9,NA,NA,NA,NA,NA,NA,NA,NA,NA
1390.2,1360.9,684,648,"V1",FALSE,FALSE,2.3,NA,NA,NA,NA,NA,NA,NA,NA,NA
1393.9,1364.7,686,649,"V1",FALSE,FALSE,3.8,NA,NA,NA,NA,NA,NA,NA,NA,NA
1395.9,1366.7,687,650,"V1",FALSE,FALSE,2,NA,NA,NA,NA,NA,NA,NA,NA,NA
1398.9,1369.7,689,651,"V1",FALSE,FALSE,3,NA,NA,NA,NA,NA,NA,NA,NA,NA
1402.1,1372.9,691,652,"V1",FALSE,FALSE,3.2,NA,NA,NA,NA,NA,NA,NA,NA,NA
1403.6,1374.4,691,653,"V1",FALSE,FALSE,1.5,NA,NA,NA,NA,NA,NA,NA,NA,NA
1407.5,1378.3,694,654,"V1",FALSE,FALSE,3.9,NA,NA,NA,NA,NA,NA,NA,NA,NA
1410.4,1381.2,695,655,"V1",FALSE,FALSE,2.8,4.501,0.851,3.25,6.95,14.2,24.8,16.74,82.57,0.69
1412.2,1383,696,656,"V1",FALSE,FALSE,1.9,4.501,0.851,3.25,6.95,14.2,24.8,16.74,82.57,0.69
1414.3,1385.1,697,657,"V1",FALSE,FALSE,2,4.501,0.851,3.25,6.95,14.2,24.8,16.74,82.57,0.69
1416.4,1387.2,699,658,"V1",FALSE,FALSE,2.2,4.501,0.851,3.25,6.95,14.2,24.8,16.74,82.57,0.69
1418.7,1389.5,700,659,"V1",FALSE,FALSE,2.3,4.501,0.851,3.25,6.95,14.2,24.8,16.74,82.57,0.69
1421.2,1392,701,660,"V1",FALSE,FALSE,2.5,4.501,0.851,3.25,6.95,14.2,24.8,16.74,82.57,0.69
1426.6,1397.4,704,662,"V1",FALSE,TRUE,5.4,4.501,0.851,3.25,6.95,14.2,24.8,16.74,82.57,0.69
1429.8,1400.6,706,663,"V1",FALSE,FALSE,3.2,4.501,0.851,3.25,6.95,14.2,24.8,16.74,82.57,0.69
1432.4,1403.2,707,664,"V1",FALSE,FALSE,2.6,NA,NA,NA,NA,NA,NA,NA,NA,NA
1434,1404.8,708,665,"V1",FALSE,FALSE,1.6,NA,NA,NA,NA,NA,NA,NA,NA,NA
1435.8,1406.6,709,666,"V1",FALSE,FALSE,1.8,NA,NA,NA,NA,NA,NA,NA,NA,NA
1438.4,1409.2,711,667,"V1",FALSE,FALSE,2.5,NA,NA,NA,NA,NA,NA,NA,NA,NA
1440.6,1411.4,712,668,"V1",FALSE,FALSE,2.2,NA,NA,NA,NA,NA,NA,NA,NA,NA
1442.7,1413.5,713,669,"V1",FALSE,FALSE,2.1,NA,NA,NA,NA,NA,NA,NA,NA,NA
1444.7,1415.5,714,670,"V1",FALSE,FALSE,2,NA,NA,NA,NA,NA,NA,NA,NA,NA
1446.1,1416.9,715,671,"V1",FALSE,FALSE,1.4,NA,NA,NA,NA,NA,NA,NA,NA,NA
1448.4,1419.2,716,672,"V1",FALSE,FALSE,2.3,NA,NA,NA,NA,NA,NA,NA,NA,NA
1450.1,1420.9,717,673,"V1",FALSE,FALSE,1.6,NA,NA,NA,NA,NA,NA,NA,NA,NA
1452.2,1423,718,674,"V1",FALSE,FALSE,2.1,NA,NA,NA,NA,NA,NA,NA,NA,NA
1453.9,1424.7,719,675,"V1",FALSE,FALSE,1.7,NA,NA,NA,NA,NA,NA,NA,NA,NA
1455.9,1426.7,720,676,"V1",FALSE,FALSE,2,NA,NA,NA,NA,NA,NA,NA,NA,NA
1458,1428.8,721,677,"V1",FALSE,FALSE,2.1,NA,NA,NA,NA,NA,NA,NA,NA,NA
1459.9,1430.7,723,678,"V1",FALSE,FALSE,1.9,4.577,NA,NA,NA,NA,NA,NA,NA,NA
1461.4,1432.2,723,679,"V1",FALSE,FALSE,1.4,4.577,NA,NA,NA,NA,NA,NA,NA,NA
1463.6,1434.4,725,680,"V1",FALSE,FALSE,2.2,4.577,NA,NA,NA,NA,NA,NA,NA,NA
1465.8,1436.6,726,681,"V1",FALSE,FALSE,2.2,4.577,NA,NA,NA,NA,NA,NA,NA,NA
1467.4,1438.2,727,682,"V1",FALSE,FALSE,1.7,4.577,NA,NA,NA,NA,NA,NA,NA,NA
1469.4,1440.2,728,683,"V1",FALSE,FALSE,2,4.577,NA,NA,NA,NA,NA,NA,NA,NA
1471.1,1441.9,729,684,"V1",FALSE,FALSE,1.6,4.577,NA,NA,NA,NA,NA,NA,NA,NA
1473.3,1444.1,730,685,"V1",FALSE,FALSE,2.2,4.577,NA,NA,NA,NA,NA,NA,NA,NA
1474.6,1445.4,731,686,"V1",FALSE,FALSE,1.3,4.577,NA,NA,NA,NA,NA,NA,NA,NA
1476.4,1447.2,732,687,"V1",FALSE,FALSE,1.8,4.577,NA,NA,NA,NA,NA,NA,NA,NA
1477.8,1448.6,732,688,"V1",FALSE,FALSE,1.4,4.577,NA,NA,NA,NA,NA,NA,NA,NA
1479.1,1449.9,733,689,"V1",FALSE,FALSE,1.3,4.577,NA,NA,NA,NA,NA,NA,NA,NA
1480.9,1451.7,734,690,"V1",FALSE,FALSE,1.9,NA,NA,NA,NA,NA,NA,NA,NA,NA
1482.2,1453,735,691,"V1",FALSE,FALSE,1.2,NA,NA,NA,NA,NA,NA,NA,NA,NA
1484,1454.8,736,692,"V1",FALSE,FALSE,1.9,NA,NA,NA,NA,NA,NA,NA,NA,NA
1485.7,1456.5,737,693,"V1",FALSE,FALSE,1.7,NA,NA,NA,NA,NA,NA,NA,NA,NA
1487.2,1458,738,694,"V1",FALSE,FALSE,1.4,NA,NA,NA,NA,NA,NA,NA,NA,NA
1489.9,1460.7,739,695,"V1",FALSE,FALSE,2.7,NA,NA,NA,NA,NA,NA,NA,NA,NA
1491.7,1462.5,740,696,"V1",FALSE,FALSE,1.8,NA,NA,NA,NA,NA,NA,NA,NA,NA
1494.5,1465.3,742,697,"V1",FALSE,FALSE,2.8,NA,NA,NA,NA,NA,NA,NA,NA,NA
1496.8,1467.6,743,698,"V1",FALSE,FALSE,2.4,NA,NA,NA,NA,NA,NA,NA,NA,NA
1499.4,1470.2,744,699,"V1",FALSE,FALSE,2.6,NA,NA,NA,NA,NA,NA,NA,NA,NA
1501.9,1472.7,746,700,"V1",FALSE,FALSE,2.5,NA,NA,NA,NA,NA,NA,NA,NA,NA
1505.2,1476,748,701,"V1",FALSE,FALSE,3.3,NA,NA,NA,NA,NA,NA,NA,NA,NA
1508,1478.8,749,702,"V1",FALSE,FALSE,2.8,NA,NA,NA,NA,NA,NA,NA,NA,NA
1514.3,1485.1,753,703,"V1",FALSE,FALSE,6.3,4.464,1.37,3.94,7.86,15.4,26.6,11.87,87.04,1.1
1515.8,1486.6,753,704,"V1",FALSE,FALSE,1.5,4.464,1.37,3.94,7.86,15.4,26.6,11.87,87.04,1.1
1518.1,1488.9,755,705,"V1",FALSE,FALSE,2.3,4.464,1.37,3.94,7.86,15.4,26.6,11.87,87.04,1.1
1519.6,1490.4,755,706,"V1",FALSE,FALSE,1.5,4.464,1.37,3.94,7.86,15.4,26.6,11.87,87.04,1.1
1521.7,1492.5,757,707,"V1",FALSE,FALSE,2.1,4.464,1.37,3.94,7.86,15.4,26.6,11.87,87.04,1.1
1524.1,1494.9,758,708,"V1",FALSE,FALSE,2.4,4.464,1.37,3.94,7.86,15.4,26.6,11.87,87.04,1.1
1526.6,1497.4,759,709,"V1",FALSE,FALSE,2.5,4.464,1.37,3.94,7.86,15.4,26.6,11.87,87.04,1.1
1528,1498.8,760,710,"V1",FALSE,FALSE,1.4,4.464,1.37,3.94,7.86,15.4,26.6,11.87,87.04,1.1
1530.9,1501.6,762,711,"V1",FALSE,FALSE,2.8,NA,NA,NA,NA,NA,NA,NA,NA,NA
1533.3,1504.1,763,712,"V1",FALSE,FALSE,2.5,NA,NA,NA,NA,NA,NA,NA,NA,NA
1535.4,1506.1,764,713,"V1",FALSE,FALSE,2,NA,NA,NA,NA,NA,NA,NA,NA,NA
1537.5,1508.3,765,714,"V1",FALSE,FALSE,2.2,NA,NA,NA,NA,NA,NA,NA,NA,NA
1540.1,1510.9,767,715,"V1",FALSE,FALSE,2.6,NA,NA,NA,NA,NA,NA,NA,NA,NA
1541.6,1512.4,768,716,"V1",FALSE,FALSE,1.5,NA,NA,NA,NA,NA,NA,NA,NA,NA
1544.1,1514.9,769,717,"V1",FALSE,FALSE,2.4,NA,NA,NA,NA,NA,NA,NA,NA,NA
1548.1,1518.9,771,718,"V1",FALSE,FALSE,4,NA,NA,NA,NA,NA,NA,NA,NA,NA
1550.9,1521.7,773,719,"V1",FALSE,FALSE,2.8,NA,NA,NA,NA,NA,NA,NA,NA,NA
1554.2,1524.9,775,720,"V1",FALSE,FALSE,3.3,NA,NA,NA,NA,NA,NA,NA,NA,NA
1555.9,1526.7,775,721,"V1",FALSE,FALSE,1.7,NA,NA,NA,NA,NA,NA,NA,NA,NA
1558.9,1529.7,777,722,"V1",FALSE,FALSE,3,NA,NA,NA,NA,NA,NA,NA,NA,NA
1561.5,1532.2,779,723,"V1",FALSE,FALSE,2.6,4.549,0.904,3.33,7.06,14.5,26,15.92,83.02,1.05
1563.8,1534.6,780,724,"V1",FALSE,FALSE,2.3,4.549,0.904,3.33,7.06,14.5,26,15.92,83.02,1.05
1566,1536.8,781,725,"V1",FALSE,FALSE,2.2,4.549,0.904,3.33,7.06,14.5,26,15.92,83.02,1.05
1568.3,1539,782,726,"V1",FALSE,FALSE,2.2,4.549,0.904,3.33,7.06,14.5,26,15.92,83.02,1.05
1571.8,1542.6,784,727,"V1",FALSE,FALSE,3.5,4.549,0.904,3.33,7.06,14.5,26,15.92,83.02,1.05
1574.4,1545.1,786,728,"V1",FALSE,FALSE,2.6,4.549,0.904,3.33,7.06,14.5,26,15.92,83.02,1.05
1576.7,1547.4,787,729,"V1",FALSE,FALSE,2.3,4.549,0.904,3.33,7.06,14.5,26,15.92,83.02,1.05
1579.3,1550,788,730,"V1",FALSE,FALSE,2.6,4.549,0.904,3.33,7.06,14.5,26,15.92,83.02,1.05
1582.3,1553.1,790,731,"V1",FALSE,FALSE,3.1,4.617,NA,NA,NA,NA,NA,NA,NA,NA
1584.7,1555.5,791,732,"V1",FALSE,FALSE,2.4,4.617,NA,NA,NA,NA,NA,NA,NA,NA
1588.2,1558.9,793,733,"V1",FALSE,FALSE,3.5,4.617,NA,NA,NA,NA,NA,NA,NA,NA
1589.7,1560.5,794,734,"V1",FALSE,FALSE,1.5,5.156,0.749,2.62,5.85,12.3,22.7,20.68,78.71,0.61
1591.4,1562.2,795,735,"V1",FALSE,FALSE,1.7,5.156,0.749,2.62,5.85,12.3,22.7,20.68,78.71,0.61
1594,1564.8,797,736,"V1",FALSE,FALSE,2.6,5.156,0.749,2.62,5.85,12.3,22.7,20.68,78.71,0.61
1597.1,1567.9,798,737,"V1",FALSE,FALSE,3.1,5.156,0.749,2.62,5.85,12.3,22.7,20.68,78.71,0.61
1600,1570.8,800,738,"V1",FALSE,FALSE,2.8,5.156,0.749,2.62,5.85,12.3,22.7,20.68,78.71,0.61
1602.5,1573.3,801,739,"V1",FALSE,FALSE,2.5,5.156,0.749,2.62,5.85,12.3,22.7,20.68,78.71,0.61
1604.1,1574.9,802,740,"V1",FALSE,FALSE,1.7,5.156,0.749,2.62,5.85,12.3,22.7,20.68,78.71,0.61
1609.4,1580.2,805,741,"V1",FALSE,FALSE,5.3,5.156,0.749,2.62,5.85,12.3,22.7,20.68,78.71,0.61
1614,1584.8,808,743,"V1",FALSE,TRUE,4.6,NA,NA,NA,NA,NA,NA,NA,NA,NA
1621.8,1592.6,812,747,"V1",FALSE,TRUE,7.8,NA,NA,NA,NA,NA,NA,NA,NA,NA
1624.3,1595.1,813,748,"V1",FALSE,FALSE,2.5,NA,NA,NA,NA,NA,NA,NA,NA,NA
1626.2,1596.9,814,749,"V1",FALSE,FALSE,1.9,NA,NA,NA,NA,NA,NA,NA,NA,NA
1627.8,1598.6,815,750,"V1",FALSE,FALSE,1.7,NA,NA,NA,NA,NA,NA,NA,NA,NA
1629.8,1600.6,816,751,"V1",FALSE,FALSE,2,NA,NA,NA,NA,NA,NA,NA,NA,NA
1631.5,1602.3,817,752,"V1",FALSE,FALSE,1.7,NA,NA,NA,NA,NA,NA,NA,NA,NA
1633,1603.8,818,753,"V1",FALSE,FALSE,1.5,NA,NA,NA,NA,NA,NA,NA,NA,NA
1634.2,1605,819,754,"V1",FALSE,FALSE,1.2,NA,NA,NA,NA,NA,NA,NA,NA,NA
1636.4,1607.2,820,755,"V1",FALSE,FALSE,2.3,NA,NA,NA,NA,NA,NA,NA,NA,NA
1637.2,1608,820,756,"V1",FALSE,FALSE,0.8,NA,NA,NA,NA,NA,NA,NA,NA,NA
1638.1,1608.9,821,757,"V1",FALSE,FALSE,0.9,NA,NA,NA,NA,NA,NA,NA,NA,NA
1639.8,1610.6,822,758,"V1",FALSE,FALSE,1.7,4.92,NA,NA,NA,NA,NA,NA,NA,NA
1640.7,1611.5,822,759,"V1",FALSE,FALSE,0.9,4.92,NA,NA,NA,NA,NA,NA,NA,NA
1643.4,1614.2,824,760,"V1",FALSE,FALSE,2.7,4.92,NA,NA,NA,NA,NA,NA,NA,NA
1644.7,1615.5,825,761,"V1",FALSE,FALSE,1.4,4.92,NA,NA,NA,NA,NA,NA,NA,NA
1646.7,1617.5,826,762,"V1",FALSE,FALSE,2,4.92,NA,NA,NA,NA,NA,NA,NA,NA
1648.7,1619.5,827,763,"V1",FALSE,FALSE,2,4.92,NA,NA,NA,NA,NA,NA,NA,NA
1650.1,1620.9,827,764,"V1",FALSE,FALSE,1.4,4.92,NA,NA,NA,NA,NA,NA,NA,NA
1651.9,1622.7,828,765,"V1",FALSE,FALSE,1.8,4.92,NA,NA,NA,NA,NA,NA,NA,NA
1653.6,1624.4,829,766,"V1",FALSE,FALSE,1.7,4.92,NA,NA,NA,NA,NA,NA,NA,NA
1655.1,1625.9,830,767,"V1",FALSE,FALSE,1.5,4.92,NA,NA,NA,NA,NA,NA,NA,NA
1657.3,1628.1,831,768,"V1",FALSE,FALSE,2.2,4.92,NA,NA,NA,NA,NA,NA,NA,NA
1658.8,1629.5,832,769,"V1",FALSE,FALSE,1.5,4.92,NA,NA,NA,NA,NA,NA,NA,NA
1660.6,1631.4,833,770,"V1",FALSE,FALSE,1.8,NA,NA,NA,NA,NA,NA,NA,NA,NA
1662.2,1633,834,771,"V1",FALSE,FALSE,1.6,NA,NA,NA,NA,NA,NA,NA,NA,NA
1663.8,1634.6,835,772,"V1",FALSE,FALSE,1.6,NA,NA,NA,NA,NA,NA,NA,NA,NA
1665.6,1636.4,836,773,"V1",FALSE,FALSE,1.8,NA,NA,NA,NA,NA,NA,NA,NA,NA
1667.1,1637.9,837,774,"V1",FALSE,FALSE,1.5,NA,NA,NA,NA,NA,NA,NA,NA,NA
1668.7,1639.5,838,775,"V1",FALSE,FALSE,1.6,NA,NA,NA,NA,NA,NA,NA,NA,NA
1670.6,1641.4,839,776,"V1",FALSE,FALSE,1.9,NA,NA,NA,NA,NA,NA,NA,NA,NA
1672.7,1643.5,840,777,"V1",FALSE,FALSE,2.1,NA,NA,NA,NA,NA,NA,NA,NA,NA
1674.8,1645.6,841,778,"V1",FALSE,FALSE,2.1,NA,NA,NA,NA,NA,NA,NA,NA,NA
1678.2,1649,843,779,"V1",FALSE,FALSE,3.4,NA,NA,NA,NA,NA,NA,NA,NA,NA
1680.9,1651.7,844,780,"V1",FALSE,FALSE,2.7,NA,NA,NA,NA,NA,NA,NA,NA,NA
1682.3,1653.1,845,781,"V1",FALSE,FALSE,1.4,NA,NA,NA,NA,NA,NA,NA,NA,NA
1684.4,1655.2,846,782,"V1",FALSE,FALSE,2.1,NA,NA,NA,NA,NA,NA,NA,NA,NA
1686.5,1657.3,848,783,"V1",FALSE,FALSE,2.1,NA,NA,NA,NA,NA,NA,NA,NA,NA
1688.9,1659.6,849,784,"V1",FALSE,FALSE,2.3,NA,NA,NA,NA,NA,NA,NA,NA,NA
1690.3,1661.1,850,785,"V1",FALSE,FALSE,1.4,4.705,0.802,3.03,6.65,13.8,24.6,18.2,80.91,0.89
1692.3,1663.1,851,786,"V1",FALSE,FALSE,2,4.705,0.802,3.03,6.65,13.8,24.6,18.2,80.91,0.89
1694.4,1665.2,852,787,"V1",FALSE,FALSE,2.1,4.705,0.802,3.03,6.65,13.8,24.6,18.2,80.91,0.89
1696.2,1667,853,788,"V1",FALSE,FALSE,1.8,4.705,0.802,3.03,6.65,13.8,24.6,18.2,80.91,0.89
1697.9,1668.7,854,789,"V1",FALSE,FALSE,1.7,4.705,0.802,3.03,6.65,13.8,24.6,18.2,80.91,0.89
1699.8,1670.5,855,790,"V1",FALSE,FALSE,1.8,4.705,0.802,3.03,6.65,13.8,24.6,18.2,80.91,0.89
1701.7,1672.5,856,791,"V1",FALSE,FALSE,1.9,4.705,0.802,3.03,6.65,13.8,24.6,18.2,80.91,0.89
1703.8,1674.6,857,792,"V1",FALSE,FALSE,2.1,4.705,0.802,3.03,6.65,13.8,24.6,18.2,80.91,0.89
1705.7,1676.5,858,793,"V1",FALSE,FALSE,1.9,4.705,0.802,3.03,6.65,13.8,24.6,18.2,80.91,0.89
1708.7,1679.5,860,794,"V1",FALSE,FALSE,3,4.705,0.802,3.03,6.65,13.8,24.6,18.2,80.91,0.89
1711.3,1682.1,861,795,"V1",FALSE,FALSE,2.6,NA,NA,NA,NA,NA,NA,NA,NA,NA
1714.4,1685.2,863,796,"V1",FALSE,FALSE,3.1,NA,NA,NA,NA,NA,NA,NA,NA,NA
1715.6,1686.4,864,797,"V1",FALSE,FALSE,1.3,NA,NA,NA,NA,NA,NA,NA,NA,NA
1717.5,1688.3,865,798,"V1",FALSE,FALSE,1.9,NA,NA,NA,NA,NA,NA,NA,NA,NA
1719.9,1690.7,866,799,"V1",FALSE,FALSE,2.4,NA,NA,NA,NA,NA,NA,NA,NA,NA
1721.8,1692.6,867,800,"V1",FALSE,FALSE,1.8,NA,NA,NA,NA,NA,NA,NA,NA,NA
1725.1,1695.9,869,801,"V1",FALSE,FALSE,3.3,NA,NA,NA,NA,NA,NA,NA,NA,NA
1727.5,1698.3,870,802,"V1",FALSE,FALSE,2.4,NA,NA,NA,NA,NA,NA,NA,NA,NA
1730.8,1701.5,872,803,"V1",FALSE,FALSE,3.2,NA,NA,NA,NA,NA,NA,NA,NA,NA
1733.6,1704.4,874,804,"V1",FALSE,FALSE,2.8,NA,NA,NA,NA,NA,NA,NA,NA,NA
1737.5,1708.3,876,805,"V1",FALSE,FALSE,3.9,NA,NA,NA,NA,NA,NA,NA,NA,NA
1743.5,1714.3,879,806,"V1",FALSE,FALSE,6,NA,NA,NA,NA,NA,NA,NA,NA,NA
1744.9,1715.7,880,807,"V1",FALSE,FALSE,1.4,NA,NA,NA,NA,NA,NA,NA,NA,NA
1746.8,1717.5,881,808,"V1",FALSE,FALSE,1.9,NA,NA,NA,NA,NA,NA,NA,NA,NA
1748.5,1719.3,882,809,"V1",FALSE,FALSE,1.7,NA,NA,NA,NA,NA,NA,NA,NA,NA
1751,1721.8,883,810,"V1",FALSE,FALSE,2.5,4.839,NA,NA,NA,NA,NA,NA,NA,NA
1753.8,1724.6,885,811,"V1",FALSE,FALSE,2.8,4.839,NA,NA,NA,NA,NA,NA,NA,NA
1756.5,1727.3,886,812,"V1",FALSE,FALSE,2.7,4.839,NA,NA,NA,NA,NA,NA,NA,NA
1760.1,1730.9,888,813,"V1",FALSE,FALSE,3.6,4.839,NA,NA,NA,NA,NA,NA,NA,NA
1762.3,1733.1,889,814,"V1",FALSE,FALSE,2.2,4.839,NA,NA,NA,NA,NA,NA,NA,NA
1764.6,1735.4,891,815,"V1",FALSE,FALSE,2.3,4.839,NA,NA,NA,NA,NA,NA,NA,NA
1767.1,1737.9,892,816,"V1",FALSE,FALSE,2.5,4.839,NA,NA,NA,NA,NA,NA,NA,NA
1769.9,1740.7,894,817,"V1",FALSE,FALSE,2.8,4.839,NA,NA,NA,NA,NA,NA,NA,NA
1773.5,1744.3,896,818,"V1",FALSE,FALSE,3.6,NA,NA,NA,NA,NA,NA,NA,NA,NA
1775.6,1746.4,897,819,"V1",FALSE,FALSE,2.1,NA,NA,NA,NA,NA,NA,NA,NA,NA
1776.9,1747.7,897,820,"V1",FALSE,FALSE,1.3,NA,NA,NA,NA,NA,NA,NA,NA,NA
1778.2,1749,898,821,"V1",FALSE,FALSE,1.3,NA,NA,NA,NA,NA,NA,NA,NA,NA
1780.1,1750.9,899,822,"V1",FALSE,FALSE,1.9,NA,NA,NA,NA,NA,NA,NA,NA,NA
1781.1,1751.9,900,823,"V1",FALSE,FALSE,1,NA,NA,NA,NA,NA,NA,NA,NA,NA
1782.4,1753.2,900,824,"V1",FALSE,FALSE,1.2,NA,NA,NA,NA,NA,NA,NA,NA,NA
1784.3,1755,902,825,"V1",FALSE,FALSE,1.9,NA,NA,NA,NA,NA,NA,NA,NA,NA
1786.3,1757.1,903,826,"V1",FALSE,FALSE,2.1,NA,NA,NA,NA,NA,NA,NA,NA,NA
1788,1758.8,904,827,"V1",FALSE,FALSE,1.7,NA,NA,NA,NA,NA,NA,NA,NA,NA
1791.6,1762.4,906,828,"V1",FALSE,FALSE,3.6,4.998,1.13,3.94,8.07,15.8,27.1,12.74,86.17,1.09
1794.2,1765,907,829,"V1",FALSE,FALSE,2.6,4.998,1.13,3.94,8.07,15.8,27.1,12.74,86.17,1.09
1797.1,1767.9,909,830,"V1",FALSE,FALSE,2.9,4.998,1.13,3.94,8.07,15.8,27.1,12.74,86.17,1.09
1800.1,1770.8,910,831,"V1",FALSE,FALSE,3,4.909,1.13,3.94,8.07,15.8,27.1,12.74,86.17,1.09
1803.5,1774.3,912,832,"V1",FALSE,FALSE,3.5,4.909,1.13,3.94,8.07,15.8,27.1,12.74,86.17,1.09
1806.5,1777.3,914,833,"V1",FALSE,FALSE,2.9,4.909,1.13,3.94,8.07,15.8,27.1,12.74,86.17,1.09
1808.1,1778.9,915,834,"V1",FALSE,FALSE,1.6,4.909,1.13,3.94,8.07,15.8,27.1,12.74,86.17,1.09
1810.3,1781,916,835,"V1",FALSE,FALSE,2.2,4.909,1.13,3.94,8.07,15.8,27.1,12.74,86.17,1.09
1812.9,1783.6,917,836,"V1",FALSE,FALSE,2.6,4.909,NA,NA,NA,NA,NA,NA,NA,NA
1814.9,1785.7,918,837,"V1",FALSE,FALSE,2.1,4.909,NA,NA,NA,NA,NA,NA,NA,NA
1818.2,1789,920,838,"V1",FALSE,FALSE,3.3,4.909,NA,NA,NA,NA,NA,NA,NA,NA
1820.5,1791.3,922,839,"V1",FALSE,FALSE,2.3,NA,NA,NA,NA,NA,NA,NA,NA,NA
1822.9,1793.6,923,840,"V1",FALSE,FALSE,2.3,NA,NA,NA,NA,NA,NA,NA,NA,NA
1825.8,1796.6,924,841,"V1",FALSE,FALSE,3,NA,NA,NA,NA,NA,NA,NA,NA,NA
1828.9,1799.7,926,842,"V1",FALSE,FALSE,3.1,NA,NA,NA,NA,NA,NA,NA,NA,NA
1837.1,1807.9,931,845,"V1",FALSE,TRUE,8.2,NA,NA,NA,NA,NA,NA,NA,NA,NA
1847.8,1818.6,937,849,"V1",FALSE,TRUE,10.7,5.017,NA,NA,NA,NA,NA,NA,NA,NA
1852.8,1823.6,939,850,"V1",FALSE,FALSE,5,5.017,NA,NA,NA,NA,NA,NA,NA,NA
1854.3,1825.1,940,851,"V1",FALSE,TRUE,1.5,5.017,NA,NA,NA,NA,NA,NA,NA,NA
1855.8,1826.5,941,852,"V1",FALSE,FALSE,1.5,5.017,NA,NA,NA,NA,NA,NA,NA,NA
1858.9,1829.7,943,853,"V1",FALSE,TRUE,3.2,5.017,NA,NA,NA,NA,NA,NA,NA,NA
1861.6,1832.4,944,854,"V1",FALSE,TRUE,2.6,NA,NA,NA,NA,NA,NA,NA,NA,NA
1863.9,1834.7,945,855,"V1",FALSE,FALSE,2.3,NA,NA,NA,NA,NA,NA,NA,NA,NA
1866.5,1837.3,947,856,"V1",FALSE,FALSE,2.6,NA,NA,NA,NA,NA,NA,NA,NA,NA
1868.7,1839.5,948,857,"V1",FALSE,FALSE,2.2,NA,NA,NA,NA,NA,NA,NA,NA,NA
1871,1841.8,949,858,"V1",FALSE,FALSE,2.3,NA,NA,NA,NA,NA,NA,NA,NA,NA
1873.3,1844.1,951,859,"V1",FALSE,FALSE,2.3,NA,NA,NA,NA,NA,NA,NA,NA,NA
1876.5,1847.3,952,860,"V1",FALSE,FALSE,3.2,NA,NA,NA,NA,NA,NA,NA,NA,NA
1880.3,1851,954,861,"V1",FALSE,FALSE,3.8,NA,NA,NA,NA,NA,NA,NA,NA,NA
1883.5,1854.3,956,862,"V1",FALSE,FALSE,3.3,NA,NA,NA,NA,NA,NA,NA,NA,NA
1886.8,1857.6,958,863,"V1",FALSE,FALSE,3.2,NA,NA,NA,NA,NA,NA,NA,NA,NA
1889.2,1860,959,864,"V1",FALSE,FALSE,2.4,NA,NA,NA,NA,NA,NA,NA,NA,NA
1892.1,1862.9,961,865,"V1",FALSE,FALSE,3,5.065,1.79,4.11,8.13,15.9,27.5,10.72,88.17,1.11
1895.1,1865.9,963,866,"V1",FALSE,FALSE,3,5.065,1.79,4.11,8.13,15.9,27.5,10.72,88.17,1.11
1897.9,1868.7,964,867,"V1",FALSE,FALSE,2.8,5.065,1.79,4.11,8.13,15.9,27.5,10.72,88.17,1.11
1901.1,1871.9,966,868,"V1",FALSE,FALSE,3.2,5.065,1.79,4.11,8.13,15.9,27.5,10.72,88.17,1.11
1904.4,1875.2,968,869,"V1",FALSE,FALSE,3.3,5.065,1.79,4.11,8.13,15.9,27.5,10.72,88.17,1.11
1906.2,1877,969,870,"V1",FALSE,FALSE,1.8,5.065,1.79,4.11,8.13,15.9,27.5,10.72,88.17,1.11
1907.3,1878.1,969,871,"V1",FALSE,FALSE,1.1,5.065,1.79,4.11,8.13,15.9,27.5,10.72,88.17,1.11
1908.9,1879.7,970,872,"V1",FALSE,FALSE,1.6,5.065,1.79,4.11,8.13,15.9,27.5,10.72,88.17,1.11
1910.9,1881.7,971,873,"V1",FALSE,FALSE,2,NA,NA,NA,NA,NA,NA,NA,NA,NA
1912.8,1883.6,972,874,"V1",FALSE,FALSE,1.9,NA,NA,NA,NA,NA,NA,NA,NA,NA
1915,1885.8,974,875,"V1",FALSE,FALSE,2.2,NA,NA,NA,NA,NA,NA,NA,NA,NA
1917.3,1888.1,975,876,"V1",FALSE,FALSE,2.2,NA,NA,NA,NA,NA,NA,NA,NA,NA
1919.3,1890.1,976,877,"V1",FALSE,FALSE,2,NA,NA,NA,NA,NA,NA,NA,NA,NA
1921.5,1892.2,977,878,"V1",FALSE,FALSE,2.1,NA,NA,NA,NA,NA,NA,NA,NA,NA
1923.5,1894.3,978,879,"V1",FALSE,FALSE,2,NA,NA,NA,NA,NA,NA,NA,NA,NA
1924.5,1895.2,979,880,"V1",FALSE,FALSE,1,NA,NA,NA,NA,NA,NA,NA,NA,NA
1926,1896.8,980,881,"V1",FALSE,FALSE,1.6,NA,NA,NA,NA,NA,NA,NA,NA,NA
1927.6,1898.4,981,882,"V1",FALSE,FALSE,1.5,NA,NA,NA,NA,NA,NA,NA,NA,NA
1929.6,1900.4,982,883,"V1",FALSE,FALSE,2,NA,NA,NA,NA,NA,NA,NA,NA,NA
1931.3,1902.1,983,884,"V1",FALSE,FALSE,1.7,NA,NA,NA,NA,NA,NA,NA,NA,NA
1933.2,1904,984,885,"V1",FALSE,FALSE,1.9,NA,NA,NA,NA,NA,NA,NA,NA,NA
1934.4,1905.2,984,886,"V1",FALSE,FALSE,1.2,NA,NA,NA,NA,NA,NA,NA,NA,NA
1936.8,1907.6,986,887,"V1",FALSE,FALSE,2.3,NA,NA,NA,NA,NA,NA,NA,NA,NA
1938.8,1909.6,987,888,"V1",FALSE,FALSE,2.1,NA,NA,NA,NA,NA,NA,NA,NA,NA
1941.1,1911.9,988,889,"V1",FALSE,FALSE,2.3,4.989,NA,NA,NA,NA,NA,NA,NA,NA
1943,1913.8,989,890,"V1",FALSE,FALSE,1.9,4.989,NA,NA,NA,NA,NA,NA,NA,NA
1945.6,1916.4,991,891,"V1",FALSE,FALSE,2.6,4.989,NA,NA,NA,NA,NA,NA,NA,NA
1947.2,1918,991,892,"V1",FALSE,FALSE,1.5,4.989,NA,NA,NA,NA,NA,NA,NA,NA
1950.1,1920.9,993,893,"V1",FALSE,FALSE,2.9,4.989,NA,NA,NA,NA,NA,NA,NA,NA
1952,1922.8,994,894,"V1",FALSE,FALSE,2,4.989,NA,NA,NA,NA,NA,NA,NA,NA
1954.7,1925.4,996,895,"V1",FALSE,TRUE,2.6,4.989,NA,NA,NA,NA,NA,NA,NA,NA
1957.9,1928.7,997,897,"V1",FALSE,TRUE,3.2,4.989,NA,NA,NA,NA,NA,NA,NA,NA
1959.5,1930.3,998,898,"V1",FALSE,FALSE,1.6,4.989,NA,NA,NA,NA,NA,NA,NA,NA
1961.3,1932.1,999,899,"V1",FALSE,FALSE,1.8,NA,NA,NA,NA,NA,NA,NA,NA,NA
1962.8,1933.6,1000,900,"V1",FALSE,FALSE,1.5,NA,NA,NA,NA,NA,NA,NA,NA,NA
1965,1935.8,1001,901,"V1",FALSE,FALSE,2.2,NA,NA,NA,NA,NA,NA,NA,NA,NA
1967.4,1938.2,1003,902,"V1",FALSE,FALSE,2.4,NA,NA,NA,NA,NA,NA,NA,NA,NA
1969.9,1940.7,1004,903,"V1",FALSE,FALSE,2.5,NA,NA,NA,NA,NA,NA,NA,NA,NA
1972.5,1943.3,1005,904,"V1",FALSE,FALSE,2.6,NA,NA,NA,NA,NA,NA,NA,NA,NA
1974.6,1945.4,1007,905,"V1",FALSE,FALSE,2.1,NA,NA,NA,NA,NA,NA,NA,NA,NA
1976.3,1947,1007,906,"V1",FALSE,FALSE,1.6,NA,NA,NA,NA,NA,NA,NA,NA,NA
1978,1948.7,1008,907,"V1",FALSE,FALSE,1.7,NA,NA,NA,NA,NA,NA,NA,NA,NA
1979.4,1950.2,1009,908,"V1",FALSE,FALSE,1.5,NA,NA,NA,NA,NA,NA,NA,NA,NA
1982.1,1952.9,1011,909,"V1",FALSE,FALSE,2.7,NA,NA,NA,NA,NA,NA,NA,NA,NA
1984.4,1955.2,1012,910,"V1",FALSE,FALSE,2.3,NA,NA,NA,NA,NA,NA,NA,NA,NA
1987.2,1958,1013,911,"V1",FALSE,FALSE,2.8,NA,NA,NA,NA,NA,NA,NA,NA,NA
1989.9,1960.7,1015,912,"V1",FALSE,TRUE,2.7,4.993,0.899,3.37,7.19,14.8,25.9,15.91,83.35,0.74
2000,1970.8,1021,917,"V1",FALSE,TRUE,10,4.993,0.899,3.37,7.19,14.8,25.9,15.91,83.35,0.74
2001.7,1972.5,1022,918,"V1",FALSE,FALSE,1.7,4.993,0.899,3.37,7.19,14.8,25.9,15.91,83.35,0.74
2004.1,1974.9,1023,919,"V1",FALSE,FALSE,2.4,4.993,0.899,3.37,7.19,14.8,25.9,15.91,83.35,0.74
2006.3,1977.1,1024,920,"V1",FALSE,FALSE,2.2,4.993,0.899,3.37,7.19,14.8,25.9,15.91,83.35,0.74
2008.8,1979.6,1025,921,"V1",FALSE,FALSE,2.5,4.993,0.899,3.37,7.19,14.8,25.9,15.91,83.35,0.74
2010.3,1981.1,1026,922,"V1",FALSE,FALSE,1.5,4.993,0.899,3.37,7.19,14.8,25.9,15.91,83.35,0.74
2013.3,1984.1,1028,923,"V1",FALSE,FALSE,3,NA,NA,NA,NA,NA,NA,NA,NA,NA
2014.8,1985.6,1029,924,"V1",FALSE,FALSE,1.5,NA,NA,NA,NA,NA,NA,NA,NA,NA
2017.1,1987.8,1030,925,"V1",FALSE,FALSE,2.3,NA,NA,NA,NA,NA,NA,NA,NA,NA
2019.2,1990,1031,926,"V1",FALSE,FALSE,2.2,NA,NA,NA,NA,NA,NA,NA,NA,NA
2020.7,1991.5,1032,927,"V1",FALSE,FALSE,1.5,NA,NA,NA,NA,NA,NA,NA,NA,NA
2023.3,1994.1,1033,928,"V1",FALSE,FALSE,2.6,NA,NA,NA,NA,NA,NA,NA,NA,NA
2025.9,1996.7,1035,929,"V1",FALSE,FALSE,2.6,NA,NA,NA,NA,NA,NA,NA,NA,NA
2028.6,1999.4,1036,930,"V1",FALSE,FALSE,2.7,NA,NA,NA,NA,NA,NA,NA,NA,NA
2030.7,2001.4,1037,931,"V1",FALSE,FALSE,2,NA,NA,NA,NA,NA,NA,NA,NA,NA
2032.5,2003.3,1039,932,"V1",FALSE,FALSE,1.9,NA,NA,NA,NA,NA,NA,NA,NA,NA
2035.6,2006.4,1040,933,"V1",FALSE,FALSE,3.1,NA,NA,NA,NA,NA,NA,NA,NA,NA
2038,2008.8,1042,934,"V1",FALSE,FALSE,2.4,NA,NA,NA,NA,NA,NA,NA,NA,NA
2040,2010.8,1043,935,"V1",FALSE,FALSE,2,4.929,0.956,3.34,6.87,14.2,25.4,15.3,84.05,0.65
2042.4,2013.2,1044,936,"V1",FALSE,FALSE,2.4,4.929,0.956,3.34,6.87,14.2,25.4,15.3,84.05,0.65
2045.5,2016.3,1046,937,"V1",FALSE,FALSE,3,4.929,0.956,3.34,6.87,14.2,25.4,15.3,84.05,0.65
2048.2,2019,1047,938,"V1",FALSE,FALSE,2.8,4.929,0.956,3.34,6.87,14.2,25.4,15.3,84.05,0.65
2050.3,2021.1,1048,939,"V1",FALSE,FALSE,2.1,4.929,0.956,3.34,6.87,14.2,25.4,15.3,84.05,0.65
2059.4,2030.2,1053,942,"V1",FALSE,TRUE,9,4.929,0.956,3.34,6.87,14.2,25.4,15.3,84.05,0.65
2062.8,2033.6,1055,943,"V1",FALSE,FALSE,3.4,NA,NA,NA,NA,NA,NA,NA,NA,NA
2065.5,2036.3,1057,944,"V1",FALSE,FALSE,2.7,NA,NA,NA,NA,NA,NA,NA,NA,NA
2068.9,2039.7,1059,945,"V1",FALSE,FALSE,3.4,NA,NA,NA,NA,NA,NA,NA,NA,NA
2071.3,2042,1060,946,"V1",FALSE,FALSE,2.4,NA,NA,NA,NA,NA,NA,NA,NA,NA
2073.6,2044.4,1061,947,"V1",FALSE,FALSE,2.3,NA,NA,NA,NA,NA,NA,NA,NA,NA
2077,2047.8,1063,948,"V1",FALSE,FALSE,3.4,NA,NA,NA,NA,NA,NA,NA,NA,NA
2081.5,2052.2,1066,949,"V1",FALSE,FALSE,4.5,NA,NA,NA,NA,NA,NA,NA,NA,NA
2084.6,2055.4,1067,950,"V1",FALSE,FALSE,3.2,NA,NA,NA,NA,NA,NA,NA,NA,NA
2087.6,2058.4,1069,951,"V1",FALSE,FALSE,3,NA,NA,NA,NA,NA,NA,NA,NA,NA
2090.4,2061.2,1070,952,"V1",FALSE,FALSE,2.8,5.083,1.1,3.77,8.08,16.9,30.1,13.48,84.9,1.615
2093.8,2064.5,1072,953,"V1",FALSE,FALSE,3.3,5.083,1.1,3.77,8.08,16.9,30.1,13.48,84.9,1.615
2096.3,2067.1,1074,954,"V1",FALSE,FALSE,2.6,5.083,1.1,3.77,8.08,16.9,30.1,13.48,84.9,1.615
2099.1,2069.9,1075,955,"V1",FALSE,FALSE,2.7,5.083,1.1,3.77,8.08,16.9,30.1,13.48,84.9,1.615
2101.2,2072,1076,956,"V1",FALSE,FALSE,2.1,5.083,1.1,3.77,8.08,16.9,30.1,13.48,84.9,1.615
2104.3,2075.1,1078,957,"V1",FALSE,FALSE,3.1,5.083,1.1,3.77,8.08,16.9,30.1,13.48,84.9,1.615
2107.2,2078,1080,958,"V1",FALSE,FALSE,2.9,5.083,1.1,3.77,8.08,16.9,30.1,13.48,84.9,1.615
2109.2,2079.9,1081,959,"V1",FALSE,FALSE,2,5.083,1.1,3.77,8.08,16.9,30.1,13.48,84.9,1.615
2110.9,2081.7,1082,960,"V1",FALSE,FALSE,1.7,NA,NA,NA,NA,NA,NA,NA,NA,NA
2113.2,2084,1083,961,"V1",FALSE,FALSE,2.3,NA,NA,NA,NA,NA,NA,NA,NA,NA
2115.4,2086.1,1084,962,"V1",FALSE,FALSE,2.1,NA,NA,NA,NA,NA,NA,NA,NA,NA
2117.3,2088.1,1085,963,"V1",FALSE,FALSE,2,NA,NA,NA,NA,NA,NA,NA,NA,NA
2119.5,2090.2,1086,964,"V1",FALSE,FALSE,2.1,NA,NA,NA,NA,NA,NA,NA,NA,NA
2121.4,2092.1,1088,965,"V1",FALSE,FALSE,1.9,NA,NA,NA,NA,NA,NA,NA,NA,NA
2123.6,2094.4,1089,966,"V1",FALSE,FALSE,2.2,NA,NA,NA,NA,NA,NA,NA,NA,NA
2125.3,2096.1,1090,967,"V1",FALSE,FALSE,1.7,NA,NA,NA,NA,NA,NA,NA,NA,NA
2128,2098.8,1091,968,"V1",FALSE,FALSE,2.7,NA,NA,NA,NA,NA,NA,NA,NA,NA
2130.6,2101.4,1093,969,"V1",FALSE,FALSE,2.6,NA,NA,NA,NA,NA,NA,NA,NA,NA
2131.9,2102.7,1093,970,"V1",FALSE,FALSE,1.3,NA,NA,NA,NA,NA,NA,NA,NA,NA
2133.7,2104.5,1094,971,"V1",FALSE,FALSE,1.8,NA,NA,NA,NA,NA,NA,NA,NA,NA
2137.1,2107.9,1096,972,"V1",FALSE,FALSE,3.4,NA,NA,NA,NA,NA,NA,NA,NA,NA
2139.4,2110.2,1097,973,"V1",FALSE,FALSE,2.3,NA,NA,NA,NA,NA,NA,NA,NA,NA
2146.6,2117.4,1101,976,"V1",FALSE,TRUE,7.2,4.999,1.06,3.53,7.03,14.4,26.6,13.83,84.92,1.24
2148.2,2119,1102,977,"V1",FALSE,TRUE,1.6,4.999,1.06,3.53,7.03,14.4,26.6,13.83,84.92,1.24
2150.1,2120.9,1103,978,"V1",FALSE,FALSE,1.9,4.999,1.06,3.53,7.03,14.4,26.6,13.83,84.92,1.24
2151.4,2122.2,1104,979,"V1",FALSE,FALSE,1.3,4.999,1.06,3.53,7.03,14.4,26.6,13.83,84.92,1.24
2154,2124.8,1106,980,"V1",FALSE,FALSE,2.6,4.999,1.06,3.53,7.03,14.4,26.6,13.83,84.92,1.24
2156.4,2127.2,1107,981,"V1",FALSE,FALSE,2.4,4.999,1.06,3.53,7.03,14.4,26.6,13.83,84.92,1.24
2159.6,2130.4,1109,982,"V1",FALSE,FALSE,3.2,4.999,1.06,3.53,7.03,14.4,26.6,13.83,84.92,1.24
2161.5,2132.3,1110,983,"V1",FALSE,FALSE,1.8,NA,NA,NA,NA,NA,NA,NA,NA,NA
2173.4,2144.2,1116,988,"V1",FALSE,TRUE,11.9,NA,NA,NA,NA,NA,NA,NA,NA,NA
2175.5,2146.3,1117,989,"V1",FALSE,FALSE,2.1,NA,NA,NA,NA,NA,NA,NA,NA,NA
2178.5,2149.3,1119,990,"V1",FALSE,FALSE,3.1,NA,NA,NA,NA,NA,NA,NA,NA,NA
2181,2151.8,1120,991,"V1",FALSE,FALSE,2.4,NA,NA,NA,NA,NA,NA,NA,NA,NA
2184.7,2155.5,1123,992,"V1",FALSE,FALSE,3.7,NA,NA,NA,NA,NA,NA,NA,NA,NA
2186.8,2157.6,1124,993,"V1",FALSE,FALSE,2.1,NA,NA,NA,NA,NA,NA,NA,NA,NA
2190.1,2160.9,1125,994,"V1",FALSE,FALSE,3.3,5.021,1.08,3.61,7.47,15.4,27.4,13.83,85.09,1.08
2194.1,2164.9,1128,995,"V1",FALSE,FALSE,4.1,5.021,1.08,3.61,7.47,15.4,27.4,13.83,85.09,1.08
2198,2168.8,1130,996,"V1",FALSE,FALSE,3.9,5.021,1.08,3.61,7.47,15.4,27.4,13.83,85.09,1.08
2200.3,2171.1,1131,997,"V1",FALSE,FALSE,2.2,5.021,1.08,3.61,7.47,15.4,27.4,13.83,85.09,1.08
2201.6,2172.4,1132,998,"V1",FALSE,FALSE,1.3,5.021,1.08,3.61,7.47,15.4,27.4,13.83,85.09,1.08
2203.8,2174.5,1133,999,"V1",FALSE,FALSE,2.2,5.021,1.08,3.61,7.47,15.4,27.4,13.83,85.09,1.08
2205.3,2176.1,1134,1000,"V1",FALSE,FALSE,1.6,5.021,1.08,3.61,7.47,15.4,27.4,13.83,85.09,1.08
2206.6,2177.4,1135,1001,"V1",FALSE,FALSE,1.3,5.021,1.08,3.61,7.47,15.4,27.4,13.83,85.09,1.08
2208.9,2179.7,1136,1002,"V1",FALSE,FALSE,2.3,5.021,1.08,3.61,7.47,15.4,27.4,13.83,85.09,1.08
2210.2,2181,1137,1003,"V1",FALSE,FALSE,1.3,5.021,1.08,3.61,7.47,15.4,27.4,13.83,85.09,1.08
2212.4,2183.2,1138,1004,"V1",FALSE,FALSE,2.2,NA,NA,NA,NA,NA,NA,NA,NA,NA
2214.9,2185.7,1139,1005,"V1",FALSE,FALSE,2.5,NA,NA,NA,NA,NA,NA,NA,NA,NA
2217.1,2187.9,1140,1006,"V1",FALSE,FALSE,2.2,NA,NA,NA,NA,NA,NA,NA,NA,NA
2220.7,2191.4,1142,1007,"V1",FALSE,FALSE,3.5,NA,NA,NA,NA,NA,NA,NA,NA,NA
2223.4,2194.2,1144,1008,"V1",FALSE,FALSE,2.8,NA,NA,NA,NA,NA,NA,NA,NA,NA
2225.1,2195.9,1145,1009,"V1",FALSE,FALSE,1.7,NA,NA,NA,NA,NA,NA,NA,NA,NA
2228.6,2199.4,1147,1010,"V1",FALSE,FALSE,3.5,NA,NA,NA,NA,NA,NA,NA,NA,NA
2230.5,2201.3,1148,1011,"V1",FALSE,FALSE,1.8,NA,NA,NA,NA,NA,NA,NA,NA,NA
2231.5,2202.3,1148,1012,"V1",FALSE,FALSE,1,NA,NA,NA,NA,NA,NA,NA,NA,NA
2235.4,2206.2,1150,1013,"V1",FALSE,FALSE,3.9,NA,NA,NA,NA,NA,NA,NA,NA,NA
2236.6,2207.4,1151,1014,"V1",FALSE,FALSE,1.2,NA,NA,NA,NA,NA,NA,NA,NA,NA
2237.7,2208.5,1152,1015,"V1",FALSE,FALSE,1.1,NA,NA,NA,NA,NA,NA,NA,NA,NA
2238.8,2209.5,1152,1016,"V1",FALSE,FALSE,1.1,NA,NA,NA,NA,NA,NA,NA,NA,NA
2240,2210.7,1153,1017,"V1",FALSE,FALSE,1.2,5.094,NA,NA,NA,NA,NA,NA,NA,NA
2242,2212.8,1154,1018,"V1",FALSE,FALSE,2.1,5.094,NA,NA,NA,NA,NA,NA,NA,NA
2243.8,2214.6,1155,1019,"V1",FALSE,FALSE,1.7,5.094,NA,NA,NA,NA,NA,NA,NA,NA
2245.2,2216,1156,1020,"V1",FALSE,FALSE,1.4,5.094,NA,NA,NA,NA,NA,NA,NA,NA
2247.9,2218.7,1157,1021,"V1",FALSE,FALSE,2.7,5.094,NA,NA,NA,NA,NA,NA,NA,NA
2251.6,2222.4,1159,1022,"V1",FALSE,FALSE,3.7,5.094,NA,NA,NA,NA,NA,NA,NA,NA
2253.6,2224.4,1160,1023,"V1",FALSE,FALSE,2,5.094,NA,NA,NA,NA,NA,NA,NA,NA
2256.1,2226.8,1162,1024,"V1",FALSE,FALSE,2.5,5.094,NA,NA,NA,NA,NA,NA,NA,NA
2257.8,2228.6,1163,1025,"V1",FALSE,FALSE,1.8,5.094,NA,NA,NA,NA,NA,NA,NA,NA
2263.4,2234.2,1166,1027,"V1",FALSE,TRUE,5.6,NA,NA,NA,NA,NA,NA,NA,NA,NA
2265,2235.8,1167,1028,"V1",FALSE,TRUE,1.6,NA,NA,NA,NA,NA,NA,NA,NA,NA
2267.1,2237.9,1168,1029,"V1",FALSE,FALSE,2.1,NA,NA,NA,NA,NA,NA,NA,NA,NA
2268.7,2239.5,1169,1030,"V1",FALSE,FALSE,1.5,NA,NA,NA,NA,NA,NA,NA,NA,NA
2270.1,2240.9,1170,1031,"V1",FALSE,FALSE,1.4,NA,NA,NA,NA,NA,NA,NA,NA,NA
2280.3,2251,1175,1035,"V1",FALSE,TRUE,10.1,NA,NA,NA,NA,NA,NA,NA,NA,NA
2304.9,2275.6,1189,1045,"V1",FALSE,TRUE,24.6,4.805,2.405,4.55,8.19,15.1,25.9,7.125,91.78,1.095
2307.6,2278.4,1190,1046,"V1",FALSE,FALSE,2.8,4.805,2.405,4.55,8.19,15.1,25.9,7.125,91.78,1.095
2309.7,2280.5,1191,1047,"V1",FALSE,FALSE,2,4.805,2.405,4.55,8.19,15.1,25.9,7.125,91.78,1.095
2313.6,2284.4,1194,1048,"V1",FALSE,FALSE,3.9,NA,NA,NA,NA,NA,NA,NA,NA,NA
2316.1,2286.9,1195,1049,"V1",FALSE,FALSE,2.5,NA,NA,NA,NA,NA,NA,NA,NA,NA
2318.1,2288.9,1196,1050,"V1",FALSE,FALSE,2,NA,NA,NA,NA,NA,NA,NA,NA,NA
2320.8,2291.5,1198,1051,"V1",FALSE,FALSE,2.6,NA,NA,NA,NA,NA,NA,NA,NA,NA
2326.3,2291.5,1198,1051,"V1",TRUE,FALSE,5.6,NA,NA,NA,NA,NA,NA,NA,NA,NA
2331.3,2296.5,1200,1052,"V1",FALSE,FALSE,5,NA,NA,NA,NA,NA,NA,NA,NA,NA
2334.4,2299.7,1202,1053,"V1",FALSE,FALSE,3.1,NA,NA,NA,NA,NA,NA,NA,NA,NA
2336.7,2301.9,1203,1054,"V1",FALSE,FALSE,2.3,NA,NA,NA,NA,NA,NA,NA,NA,NA
2338.1,2303.3,1204,1055,"V1",FALSE,FALSE,1.4,NA,NA,NA,NA,NA,NA,NA,NA,NA
2340.3,2305.5,1205,1056,"V1",FALSE,FALSE,2.2,4.99,NA,NA,NA,NA,NA,NA,NA,NA
2342.6,2307.8,1207,1057,"V1",FALSE,FALSE,2.2,4.99,NA,NA,NA,NA,NA,NA,NA,NA
2345.2,2310.4,1208,1058,"V1",FALSE,FALSE,2.6,4.99,NA,NA,NA,NA,NA,NA,NA,NA
2347,2312.2,1209,1059,"V1",FALSE,FALSE,1.8,4.99,NA,NA,NA,NA,NA,NA,NA,NA
2348.5,2313.8,1210,1060,"V1",FALSE,FALSE,1.6,4.99,NA,NA,NA,NA,NA,NA,NA,NA
2351.1,2316.4,1211,1061,"V1",FALSE,FALSE,2.6,4.99,NA,NA,NA,NA,NA,NA,NA,NA
2358.3,2323.5,1215,1064,"V1",FALSE,TRUE,7.2,4.99,NA,NA,NA,NA,NA,NA,NA,NA
2369.6,2334.8,1221,1069,"V1",FALSE,TRUE,11.3,NA,NA,NA,NA,NA,NA,NA,NA,NA
2372.9,2338.1,1223,1070,"V1",FALSE,FALSE,3.3,NA,NA,NA,NA,NA,NA,NA,NA,NA
2374.3,2339.6,1224,1071,"V1",FALSE,FALSE,1.5,NA,NA,NA,NA,NA,NA,NA,NA,NA
2378.1,2343.4,1226,1072,"V1",FALSE,FALSE,3.8,NA,NA,NA,NA,NA,NA,NA,NA,NA
2380.1,2345.3,1227,1073,"V1",FALSE,FALSE,2,NA,NA,NA,NA,NA,NA,NA,NA,NA
2382.4,2347.6,1229,1074,"V1",FALSE,FALSE,2.3,NA,NA,NA,NA,NA,NA,NA,NA,NA
2383.9,2349.1,1229,1075,"V1",FALSE,FALSE,1.4,NA,NA,NA,NA,NA,NA,NA,NA,NA
2386.1,2351.3,1231,1076,"V1",FALSE,FALSE,2.2,NA,NA,NA,NA,NA,NA,NA,NA,NA
2413.6,2378.8,1246,1088,"V1",FALSE,TRUE,27.5,NA,NA,NA,NA,NA,NA,NA,NA,NA
2415.9,2381.1,1247,1089,"V1",FALSE,TRUE,2.3,NA,NA,NA,NA,NA,NA,NA,NA,NA
2418.4,2383.7,1248,1090,"V1",FALSE,FALSE,2.5,NA,NA,NA,NA,NA,NA,NA,NA,NA
2420.9,2386.1,1250,1091,"V1",FALSE,FALSE,2.4,NA,NA,NA,NA,NA,NA,NA,NA,NA
2422.5,2387.7,1251,1092,"V1",FALSE,FALSE,1.6,NA,NA,NA,NA,NA,NA,NA,NA,NA
2424.7,2390,1252,1093,"V1",FALSE,FALSE,2.3,NA,NA,NA,NA,NA,NA,NA,NA,NA
2426.1,2391.3,1253,1094,"V1",FALSE,FALSE,1.3,NA,NA,NA,NA,NA,NA,NA,NA,NA
2428,2393.2,1254,1095,"V1",FALSE,FALSE,1.9,NA,NA,NA,NA,NA,NA,NA,NA,NA
2430.9,2396.2,1255,1096,"V1",FALSE,FALSE,3,NA,NA,NA,NA,NA,NA,NA,NA,NA
2433.6,2398.9,1257,1097,"V1",FALSE,FALSE,2.7,NA,NA,NA,NA,NA,NA,NA,NA,NA
2436.1,2401.3,1258,1098,"V1",FALSE,FALSE,2.4,NA,NA,NA,NA,NA,NA,NA,NA,NA
2439.6,2404.8,1260,1099,"V1",FALSE,FALSE,3.5,5.08,NA,NA,NA,NA,NA,NA,NA,NA
2441.6,2406.9,1261,1100,"V1",FALSE,FALSE,2,5.08,NA,NA,NA,NA,NA,NA,NA,NA
2443.3,2408.5,1262,1101,"V1",FALSE,FALSE,1.7,5.08,NA,NA,NA,NA,NA,NA,NA,NA
2444.7,2409.9,1263,1102,"V1",FALSE,FALSE,1.4,5.08,NA,NA,NA,NA,NA,NA,NA,NA
2446.7,2411.9,1264,1103,"V1",FALSE,FALSE,2,5.08,NA,NA,NA,NA,NA,NA,NA,NA
2448.8,2414,1265,1104,"V1",FALSE,FALSE,2.1,5.08,NA,NA,NA,NA,NA,NA,NA,NA
2451.5,2416.7,1267,1105,"V1",FALSE,FALSE,2.7,5.08,NA,NA,NA,NA,NA,NA,NA,NA
2453.8,2419,1268,1106,"V1",FALSE,FALSE,2.3,5.08,NA,NA,NA,NA,NA,NA,NA,NA
2456.1,2421.4,1269,1107,"V1",FALSE,FALSE,2.4,5.08,NA,NA,NA,NA,NA,NA,NA,NA
2458.7,2423.9,1271,1108,"V1",FALSE,FALSE,2.5,5.08,NA,NA,NA,NA,NA,NA,NA,NA
2461,2426.2,1272,1109,"V1",FALSE,FALSE,2.3,NA,NA,NA,NA,NA,NA,NA,NA,NA
2462.9,2428.1,1273,1110,"V1",FALSE,FALSE,1.9,NA,NA,NA,NA,NA,NA,NA,NA,NA
2464.8,2430,1274,1111,"V1",FALSE,FALSE,1.9,NA,NA,NA,NA,NA,NA,NA,NA,NA
2466.6,2431.8,1275,1112,"V1",FALSE,FALSE,1.8,NA,NA,NA,NA,NA,NA,NA,NA,NA
2468.8,2434,1276,1113,"V1",FALSE,FALSE,2.2,NA,NA,NA,NA,NA,NA,NA,NA,NA
2470.7,2435.9,1277,1114,"V1",FALSE,FALSE,1.9,NA,NA,NA,NA,NA,NA,NA,NA,NA
2480.7,2445.9,1283,1118,"V1",FALSE,TRUE,10,NA,NA,NA,NA,NA,NA,NA,NA,NA
2483.2,2448.4,1284,1119,"V1",FALSE,TRUE,2.5,NA,NA,NA,NA,NA,NA,NA,NA,NA
2486.5,2451.7,1286,1120,"V1",FALSE,FALSE,3.3,NA,NA,NA,NA,NA,NA,NA,NA,NA
2488.9,2454.1,1287,1121,"V1",FALSE,FALSE,2.4,NA,NA,NA,NA,NA,NA,NA,NA,NA
2492,2457.2,1289,1122,"V1",FALSE,FALSE,3.1,5.105,0.92,3.25,7.01,15,27.1,16.16,82.73,1.1
2508.8,2474,1298,1129,"V1",FALSE,TRUE,16.8,5.105,0.92,3.25,7.01,15,27.1,16.16,82.73,1.1
2526.9,2492.1,1308,1136,"V1",FALSE,TRUE,18,NA,NA,NA,NA,NA,NA,NA,NA,NA
2528.6,2493.8,1309,1137,"V1",FALSE,TRUE,1.7,NA,NA,NA,NA,NA,NA,NA,NA,NA
2532.5,2497.7,1311,1138,"V1",FALSE,FALSE,3.9,NA,NA,NA,NA,NA,NA,NA,NA,NA
2535,2500.2,1313,1139,"V1",FALSE,FALSE,2.5,NA,NA,NA,NA,NA,NA,NA,NA,NA
2537.4,2502.6,1314,1140,"V1",FALSE,FALSE,2.4,NA,NA,NA,NA,NA,NA,NA,NA,NA
2539.5,2504.7,1315,1141,"V1",FALSE,FALSE,2.1,NA,NA,NA,NA,NA,NA,NA,NA,NA
2541.8,2507,1316,1142,"V1",FALSE,FALSE,2.3,4.929,NA,NA,NA,NA,NA,NA,NA,NA
2543.2,2508.4,1317,1143,"V1",FALSE,FALSE,1.4,4.929,NA,NA,NA,NA,NA,NA,NA,NA
2545.9,2511.1,1319,1144,"V1",FALSE,FALSE,2.7,4.929,NA,NA,NA,NA,NA,NA,NA,NA
2553.5,2518.7,1323,1147,"V1",FALSE,TRUE,7.6,4.929,NA,NA,NA,NA,NA,NA,NA,NA
2630.2,2595.5,1365,1177,"V1",FALSE,TRUE,76.7,NA,NA,NA,NA,NA,NA,NA,NA,NA
2664.8,2630,1384,1191,"V1",FALSE,TRUE,34.6,NA,NA,NA,NA,NA,NA,NA,NA,NA
2666.8,2632,1385,1192,"V1",FALSE,TRUE,2,NA,NA,NA,NA,NA,NA,NA,NA,NA
2670.8,2636,1388,1193,"V1",FALSE,FALSE,4,NA,NA,NA,NA,NA,NA,NA,NA,NA
2672.7,2637.9,1389,1194,"V1",FALSE,FALSE,1.9,NA,NA,NA,NA,NA,NA,NA,NA,NA
2675.6,2640.8,1390,1195,"V1",FALSE,FALSE,2.9,NA,NA,NA,NA,NA,NA,NA,NA,NA
2678.1,2643.3,1392,1196,"V1",FALSE,FALSE,2.5,NA,NA,NA,NA,NA,NA,NA,NA,NA
2680.1,2645.4,1393,1197,"V1",FALSE,FALSE,2.1,NA,NA,NA,NA,NA,NA,NA,NA,NA
2698.6,2663.8,1403,1204,"V1",FALSE,TRUE,18.4,4.599,1.27,3.79,7.78,16,28.2,12.46,86.34,1.2
2701,2666.3,1404,1205,"V1",FALSE,TRUE,2.5,4.575,1.27,3.79,7.78,16,28.2,12.46,86.34,1.2
2703.8,2669,1406,1206,"V1",FALSE,FALSE,2.7,4.575,1.27,3.79,7.78,16,28.2,12.46,86.34,1.2
2705.5,2670.7,1407,1207,"V1",FALSE,FALSE,1.7,4.575,1.27,3.79,7.78,16,28.2,12.46,86.34,1.2
2707.3,2672.6,1408,1208,"V1",FALSE,FALSE,1.9,4.575,1.27,3.79,7.78,16,28.2,12.46,86.34,1.2
2709.1,2674.3,1409,1209,"V1",FALSE,FALSE,1.7,4.575,1.27,3.79,7.78,16,28.2,12.46,86.34,1.2
2713.4,2678.6,1411,1210,"V1",FALSE,FALSE,4.3,4.575,NA,NA,NA,NA,NA,NA,NA,NA
2715.6,2680.8,1412,1211,"V1",FALSE,FALSE,2.2,4.575,NA,NA,NA,NA,NA,NA,NA,NA
2717.5,2682.7,1413,1212,"V1",FALSE,FALSE,1.9,4.575,NA,NA,NA,NA,NA,NA,NA,NA
2720,2685.2,1415,1213,"V1",FALSE,FALSE,2.5,4.575,NA,NA,NA,NA,NA,NA,NA,NA
2723.1,2688.3,1417,1214,"V1",FALSE,FALSE,3.1,NA,NA,NA,NA,NA,NA,NA,NA,NA
2726.9,2692.2,1419,1215,"V1",FALSE,FALSE,3.9,NA,NA,NA,NA,NA,NA,NA,NA,NA
2729.3,2694.5,1420,1216,"V1",FALSE,FALSE,2.4,NA,NA,NA,NA,NA,NA,NA,NA,NA
2733.8,2699,1422,1217,"V1",FALSE,FALSE,4.5,NA,NA,NA,NA,NA,NA,NA,NA,NA
2737.7,2702.9,1425,1218,"V1",FALSE,FALSE,3.9,NA,NA,NA,NA,NA,NA,NA,NA,NA
2741.2,2706.4,1426,1219,"V1",FALSE,FALSE,3.5,NA,NA,NA,NA,NA,NA,NA,NA,NA
2745,2710.2,1429,1220,"V1",FALSE,FALSE,3.8,NA,NA,NA,NA,NA,NA,NA,NA,NA
2749,2714.2,1431,1221,"V1",FALSE,FALSE,4,NA,NA,NA,NA,NA,NA,NA,NA,NA
2753.8,2719,1433,1222,"V1",FALSE,FALSE,4.8,4.968,NA,NA,NA,NA,NA,NA,NA,NA
2757.2,2722.5,1435,1223,"V1",FALSE,FALSE,3.4,4.968,NA,NA,NA,NA,NA,NA,NA,NA
2760.7,2726,1437,1224,"V1",FALSE,FALSE,3.5,4.968,NA,NA,NA,NA,NA,NA,NA,NA
2764.7,2729.9,1439,1225,"V1",FALSE,FALSE,3.9,4.968,NA,NA,NA,NA,NA,NA,NA,NA
2767.7,2732.9,1441,1226,"V1",FALSE,FALSE,3.1,4.968,NA,NA,NA,NA,NA,NA,NA,NA
2770.9,2736.1,1443,1227,"V1",FALSE,FALSE,3.2,NA,NA,NA,NA,NA,NA,NA,NA,NA
2774.1,2739.3,1445,1228,"V1",FALSE,FALSE,3.2,NA,NA,NA,NA,NA,NA,NA,NA,NA
2777.6,2742.9,1447,1229,"V1",FALSE,FALSE,3.6,NA,NA,NA,NA,NA,NA,NA,NA,NA
2781.7,2746.9,1449,1230,"V1",FALSE,FALSE,4,NA,NA,NA,NA,NA,NA,NA,NA,NA
2785.3,2750.5,1451,1231,"V1",FALSE,FALSE,3.6,NA,NA,NA,NA,NA,NA,NA,NA,NA
2789.2,2754.4,1453,1232,"V1",FALSE,FALSE,3.9,NA,NA,NA,NA,NA,NA,NA,NA,NA
2793.5,2758.7,1455,1233,"V1",FALSE,FALSE,4.3,NA,NA,NA,NA,NA,NA,NA,NA,NA
2796.4,2761.6,1457,1234,"V1",FALSE,FALSE,2.9,NA,NA,NA,NA,NA,NA,NA,NA,NA
2799.3,2764.5,1459,1235,"V1",FALSE,FALSE,2.9,NA,NA,NA,NA,NA,NA,NA,NA,NA
2803.4,2768.6,1461,1236,"V1",FALSE,FALSE,4.1,4.864,2.09,4.28,8.27,15.8,26.9,9.68,89.36,0.97
2808.3,2773.6,1464,1237,"V1",FALSE,FALSE,5,4.864,2.09,4.28,8.27,15.8,26.9,9.68,89.36,0.97
2811.9,2777.1,1466,1238,"V1",FALSE,FALSE,3.6,4.864,2.09,4.28,8.27,15.8,26.9,9.68,89.36,0.97
2815.7,2780.9,1468,1239,"V1",FALSE,FALSE,3.8,4.864,2.09,4.28,8.27,15.8,26.9,9.68,89.36,0.97
2819.9,2785.1,1470,1240,"V1",FALSE,FALSE,4.2,4.864,2.09,4.28,8.27,15.8,26.9,9.68,89.36,0.97
2825,2790.2,1473,1241,"V1",FALSE,FALSE,5.1,NA,NA,NA,NA,NA,NA,NA,NA,NA
2832,2797.2,1477,1242,"V1",FALSE,FALSE,7,NA,NA,NA,NA,NA,NA,NA,NA,NA
2835.6,2800.8,1479,1243,"V1",FALSE,FALSE,3.6,NA,NA,NA,NA,NA,NA,NA,NA,NA
2837.9,2803.2,1480,1244,"V1",FALSE,FALSE,2.4,NA,NA,NA,NA,NA,NA,NA,NA,NA
2842.6,2807.8,1482,1245,"V1",FALSE,FALSE,4.6,NA,NA,NA,NA,NA,NA,NA,NA,NA
2846.1,2811.3,1484,1246,"V1",FALSE,FALSE,3.5,NA,NA,NA,NA,NA,NA,NA,NA,NA
2851.2,2816.5,1487,1247,"V1",FALSE,FALSE,5.2,4.623,2.04,4.38,8.32,15.1,24.5,9.88,89.43,0.68
2854.8,2820,1489,1248,"V1",FALSE,FALSE,3.6,4.623,2.04,4.38,8.32,15.1,24.5,9.88,89.43,0.68
2861.4,2826.6,1493,1249,"V1",FALSE,FALSE,6.6,4.623,2.04,4.38,8.32,15.1,24.5,9.88,89.43,0.68
2864.3,2829.5,1494,1250,"V1",FALSE,FALSE,2.9,4.623,2.04,4.38,8.32,15.1,24.5,9.88,89.43,0.68
2868.7,2833.9,1497,1251,"V1",FALSE,FALSE,4.4,4.623,2.04,4.38,8.32,15.1,24.5,9.88,89.43,0.68
2872.2,2837.4,1499,1252,"V1",FALSE,FALSE,3.5,NA,NA,NA,NA,NA,NA,NA,NA,NA
2875.7,2840.9,1501,1253,"V1",FALSE,FALSE,3.6,NA,NA,NA,NA,NA,NA,NA,NA,NA
2883,2848.3,1505,1255,"V1",FALSE,TRUE,7.3,NA,NA,NA,NA,NA,NA,NA,NA,NA
2888,2853.3,1508,1256,"V1",FALSE,FALSE,5,NA,NA,NA,NA,NA,NA,NA,NA,NA
2892.9,2858.1,1510,1257,"V1",FALSE,FALSE,4.8,NA,NA,NA,NA,NA,NA,NA,NA,NA
2896,2861.3,1512,1258,"V1",FALSE,FALSE,3.2,NA,NA,NA,NA,NA,NA,NA,NA,NA
2898.7,2863.9,1513,1259,"V1",FALSE,FALSE,2.6,NA,NA,NA,NA,NA,NA,NA,NA,NA
2904.8,2870,1517,1261,"V1",FALSE,TRUE,6.1,5.015,0.739,2.51,5.89,12.6,22.8,21.46,78.08,0.45
2907.4,2872.6,1518,1262,"V1",FALSE,FALSE,2.6,5.015,0.739,2.51,5.89,12.6,22.8,21.46,78.08,0.45
2910.7,2875.9,1520,1263,"V1",FALSE,FALSE,3.3,5.015,0.739,2.51,5.89,12.6,22.8,21.46,78.08,0.45
2912.6,2877.8,1521,1264,"V1",FALSE,FALSE,1.9,5.015,0.739,2.51,5.89,12.6,22.8,21.46,78.08,0.45
2915.6,2880.8,1523,1265,"V1",FALSE,FALSE,3,5.015,0.739,2.51,5.89,12.6,22.8,21.46,78.08,0.45
2918.5,2883.7,1524,1266,"V1",FALSE,FALSE,2.9,5.015,0.739,2.51,5.89,12.6,22.8,21.46,78.08,0.45
2921.3,2886.5,1526,1267,"V1",FALSE,FALSE,2.8,NA,NA,NA,NA,NA,NA,NA,NA,NA
2923.3,2888.6,1527,1268,"V1",FALSE,FALSE,2,NA,NA,NA,NA,NA,NA,NA,NA,NA
2926.6,2891.9,1529,1269,"V1",FALSE,FALSE,3.3,NA,NA,NA,NA,NA,NA,NA,NA,NA
2930.2,2895.5,1531,1270,"V1",FALSE,FALSE,3.6,NA,NA,NA,NA,NA,NA,NA,NA,NA
2934.2,2899.4,1533,1271,"V1",FALSE,FALSE,4,NA,NA,NA,NA,NA,NA,NA,NA,NA
2937.2,2902.4,1535,1272,"V1",FALSE,FALSE,3,NA,NA,NA,NA,NA,NA,NA,NA,NA
2941.4,2906.6,1537,1273,"V1",FALSE,FALSE,4.2,NA,NA,NA,NA,NA,NA,NA,NA,NA
2945,2910.2,1539,1274,"V1",FALSE,FALSE,3.6,NA,NA,NA,NA,NA,NA,NA,NA,NA
2947.8,2913.1,1541,1275,"V1",FALSE,FALSE,2.8,NA,NA,NA,NA,NA,NA,NA,NA,NA
2951.1,2916.4,1542,1276,"V1",FALSE,FALSE,3.3,4.99,2.27,4.59,8.93,16.8,28.1,8.95,89.83,1.21
2953.7,2919,1544,1277,"V1",FALSE,FALSE,2.6,4.99,2.27,4.59,8.93,16.8,28.1,8.95,89.83,1.21
2955.1,2920.4,1545,1278,"V1",FALSE,FALSE,1.4,4.99,2.27,4.59,8.93,16.8,28.1,8.95,89.83,1.21
2958.3,2923.5,1546,1279,"V1",FALSE,FALSE,3.2,4.99,2.27,4.59,8.93,16.8,28.1,8.95,89.83,1.21
2961.3,2926.5,1548,1280,"V1",FALSE,FALSE,2.9,4.99,2.27,4.59,8.93,16.8,28.1,8.95,89.83,1.21
2962.5,2927.8,1549,1281,"V1",FALSE,FALSE,1.3,4.99,2.27,4.59,8.93,16.8,28.1,8.95,89.83,1.21
2965,2930.2,1550,1282,"V1",FALSE,FALSE,2.5,4.99,2.27,4.59,8.93,16.8,28.1,8.95,89.83,1.21
2967.8,2933,1552,1283,"V1",FALSE,FALSE,2.8,4.99,2.27,4.59,8.93,16.8,28.1,8.95,89.83,1.21
2969.5,2934.8,1553,1284,"V1",FALSE,FALSE,1.8,4.99,2.27,4.59,8.93,16.8,28.1,8.95,89.83,1.21
2972.8,2938.1,1554,1285,"V1",FALSE,FALSE,3.3,NA,NA,NA,NA,NA,NA,NA,NA,NA
2975.1,2940.3,1556,1286,"V1",FALSE,FALSE,2.3,NA,NA,NA,NA,NA,NA,NA,NA,NA
2977.1,2942.3,1557,1287,"V1",FALSE,FALSE,2,NA,NA,NA,NA,NA,NA,NA,NA,NA
2979.8,2945,1558,1288,"V1",FALSE,FALSE,2.6,NA,NA,NA,NA,NA,NA,NA,NA,NA
2997.5,2962.7,1568,1294,"V1",FALSE,TRUE,17.7,NA,NA,NA,NA,NA,NA,NA,NA,NA
3001,2966.3,1570,1295,"V1",FALSE,FALSE,3.6,5.039,1.27,3.77,7.53,14.9,25.8,12.45,86.81,0.74
3003.5,2968.7,1571,1296,"V1",FALSE,FALSE,2.4,5.039,1.27,3.77,7.53,14.9,25.8,12.45,86.81,0.74
3006,2971.3,1573,1297,"V1",FALSE,FALSE,2.6,5.039,1.27,3.77,7.53,14.9,25.8,12.45,86.81,0.74
3009.2,2974.4,1574,1298,"V1",FALSE,FALSE,3.1,5.039,1.27,3.77,7.53,14.9,25.8,12.45,86.81,0.74
3012.1,2977.4,1576,1299,"V1",FALSE,FALSE,3,5.039,1.27,3.77,7.53,14.9,25.8,12.45,86.81,0.74
3014.5,2979.7,1577,1300,"V1",FALSE,FALSE,2.3,5.039,1.27,3.77,7.53,14.9,25.8,12.45,86.81,0.74
3016.5,2981.7,1578,1301,"V1",FALSE,FALSE,2,5.039,1.27,3.77,7.53,14.9,25.8,12.45,86.81,0.74
3019.4,2984.7,1580,1302,"V1",FALSE,FALSE,2.9,5.039,1.27,3.77,7.53,14.9,25.8,12.45,86.81,0.74
3025,2990.2,1583,1303,"V1",FALSE,FALSE,5.5,NA,NA,NA,NA,NA,NA,NA,NA,NA
3030.4,2995.6,1586,1304,"V1",FALSE,FALSE,5.4,NA,NA,NA,NA,NA,NA,NA,NA,NA
3032.6,2997.8,1587,1305,"V1",FALSE,FALSE,2.2,NA,NA,NA,NA,NA,NA,NA,NA,NA
3034.8,3000,1589,1306,"V1",FALSE,FALSE,2.2,NA,NA,NA,NA,NA,NA,NA,NA,NA
3038.1,3003.3,1590,1307,"V1",FALSE,FALSE,3.3,NA,NA,NA,NA,NA,NA,NA,NA,NA
3040.6,3005.8,1592,1308,"V1",FALSE,FALSE,2.5,NA,NA,NA,NA,NA,NA,NA,NA,NA
3044.4,3009.6,1594,1309,"V1",FALSE,FALSE,3.8,NA,NA,NA,NA,NA,NA,NA,NA,NA
3046.9,3012.1,1595,1310,"V1",FALSE,FALSE,2.5,NA,NA,NA,NA,NA,NA,NA,NA,NA
3051.9,3017.1,1598,1311,"V1",FALSE,FALSE,5,4.738,NA,NA,NA,NA,NA,NA,NA,NA
3055.2,3020.4,1600,1312,"V1",FALSE,FALSE,3.4,4.738,NA,NA,NA,NA,NA,NA,NA,NA
3058.9,3024.1,1602,1313,"V1",FALSE,FALSE,3.7,4.738,NA,NA,NA,NA,NA,NA,NA,NA
3062.1,3027.3,1604,1314,"V1",FALSE,FALSE,3.2,4.738,NA,NA,NA,NA,NA,NA,NA,NA
3065.9,3031.1,1606,1315,"V1",FALSE,FALSE,3.8,4.738,NA,NA,NA,NA,NA,NA,NA,NA
3069.7,3034.9,1608,1316,"V1",FALSE,FALSE,3.8,4.738,NA,NA,NA,NA,NA,NA,NA,NA
3072.1,3037.3,1609,1317,"V1",FALSE,FALSE,2.4,NA,NA,NA,NA,NA,NA,NA,NA,NA
3074.1,3039.3,1610,1318,"V1",FALSE,FALSE,2,NA,NA,NA,NA,NA,NA,NA,NA,NA
3078.1,3043.3,1612,1319,"V1",FALSE,FALSE,4,NA,NA,NA,NA,NA,NA,NA,NA,NA
3080.7,3045.9,1614,1320,"V1",FALSE,FALSE,2.6,NA,NA,NA,NA,NA,NA,NA,NA,NA
3082.5,3047.7,1615,1321,"V1",FALSE,FALSE,1.8,NA,NA,NA,NA,NA,NA,NA,NA,NA
3084.1,3049.3,1616,1322,"V1",FALSE,FALSE,1.6,NA,NA,NA,NA,NA,NA,NA,NA,NA
3086.3,3051.5,1617,1323,"V1",FALSE,FALSE,2.2,NA,NA,NA,NA,NA,NA,NA,NA,NA
3088.5,3053.7,1618,1324,"V1",FALSE,FALSE,2.2,NA,NA,NA,NA,NA,NA,NA,NA,NA
3092.1,3057.3,1620,1325,"V1",FALSE,FALSE,3.6,NA,NA,NA,NA,NA,NA,NA,NA,NA
3096.3,3061.5,1622,1326,"V1",FALSE,FALSE,4.2,NA,NA,NA,NA,NA,NA,NA,NA,NA
3098.9,3064.2,1624,1327,"V1",FALSE,FALSE,2.6,NA,NA,NA,NA,NA,NA,NA,NA,NA
3102.5,3067.7,1626,1328,"V1",FALSE,FALSE,3.6,5.001,1.08,3.86,8.15,16.1,27.2,13.44,85.65,0.91
3104.3,3069.6,1627,1329,"V1",FALSE,FALSE,1.8,5.001,1.08,3.86,8.15,16.1,27.2,13.44,85.65,0.91
3106.5,3071.7,1628,1330,"V1",FALSE,FALSE,2.1,5.001,1.08,3.86,8.15,16.1,27.2,13.44,85.65,0.91
3110.5,3075.7,1630,1331,"V1",FALSE,FALSE,4,5.001,1.08,3.86,8.15,16.1,27.2,13.44,85.65,0.91
3112.2,3077.4,1631,1332,"V1",FALSE,FALSE,1.7,5.001,1.08,3.86,8.15,16.1,27.2,13.44,85.65,0.91
3114,3079.2,1632,1333,"V1",FALSE,FALSE,1.8,5.001,1.08,3.86,8.15,16.1,27.2,13.44,85.65,0.91
3115.8,3081,1633,1334,"V1",FALSE,FALSE,1.8,5.001,1.08,3.86,8.15,16.1,27.2,13.44,85.65,0.91
3117.6,3082.8,1634,1335,"V1",FALSE,FALSE,1.8,5.001,1.08,3.86,8.15,16.1,27.2,13.44,85.65,0.91
3120,3085.3,1636,1336,"V1",FALSE,FALSE,2.5,5.001,1.08,3.86,8.15,16.1,27.2,13.44,85.65,0.91
3122.4,3087.6,1637,1337,"V1",FALSE,FALSE,2.3,NA,NA,NA,NA,NA,NA,NA,NA,NA
3124.6,3089.8,1638,1338,"V1",FALSE,FALSE,2.2,NA,NA,NA,NA,NA,NA,NA,NA,NA
3127.7,3093,1640,1339,"V1",FALSE,FALSE,3.2,NA,NA,NA,NA,NA,NA,NA,NA,NA
3138,3103.2,1645,1343,"V1",FALSE,TRUE,10.3,NA,NA,NA,NA,NA,NA,NA,NA,NA
3142,3107.2,1648,1344,"V1",FALSE,FALSE,4,NA,NA,NA,NA,NA,NA,NA,NA,NA
3145.6,3110.8,1650,1345,"V1",FALSE,FALSE,3.6,NA,NA,NA,NA,NA,NA,NA,NA,NA
3148.8,3114,1651,1346,"V1",FALSE,FALSE,3.2,NA,NA,NA,NA,NA,NA,NA,NA,NA
3152.2,3117.4,1653,1347,"V1",FALSE,FALSE,3.3,4.891,NA,NA,NA,NA,NA,NA,NA,NA
3154.4,3119.6,1655,1348,"V1",FALSE,FALSE,2.3,4.891,NA,NA,NA,NA,NA,NA,NA,NA
3158.2,3123.4,1657,1349,"V1",FALSE,FALSE,3.7,4.891,NA,NA,NA,NA,NA,NA,NA,NA
3160.1,3125.4,1658,1350,"V1",FALSE,FALSE,2,4.891,NA,NA,NA,NA,NA,NA,NA,NA
3163.7,3128.9,1660,1351,"V1",FALSE,FALSE,3.6,4.891,NA,NA,NA,NA,NA,NA,NA,NA
3167.2,3132.4,1662,1352,"V1",FALSE,FALSE,3.5,4.891,NA,NA,NA,NA,NA,NA,NA,NA
3170.2,3135.4,1663,1353,"V1",FALSE,FALSE,3,4.891,NA,NA,NA,NA,NA,NA,NA,NA
3172.9,3138.1,1665,1354,"V1",FALSE,FALSE,2.7,NA,NA,NA,NA,NA,NA,NA,NA,NA
3174.6,3139.8,1666,1355,"V1",FALSE,FALSE,1.7,NA,NA,NA,NA,NA,NA,NA,NA,NA
3176.8,3142,1667,1356,"V1",FALSE,FALSE,2.2,NA,NA,NA,NA,NA,NA,NA,NA,NA
3179,3144.3,1668,1357,"V1",FALSE,FALSE,2.2,NA,NA,NA,NA,NA,NA,NA,NA,NA
3181.7,3147,1670,1358,"V1",FALSE,FALSE,2.7,NA,NA,NA,NA,NA,NA,NA,NA,NA
3186,3151.2,1672,1359,"V1",FALSE,FALSE,4.3,NA,NA,NA,NA,NA,NA,NA,NA,NA
3189.3,3154.5,1674,1360,"V1",FALSE,FALSE,3.3,NA,NA,NA,NA,NA,NA,NA,NA,NA
3192.7,3157.9,1676,1361,"V1",FALSE,FALSE,3.4,NA,NA,NA,NA,NA,NA,NA,NA,NA
3197.8,3163,1678,1362,"V1",FALSE,FALSE,5.1,NA,NA,NA,NA,NA,NA,NA,NA,NA
3200.4,3165.6,1680,1363,"V1",FALSE,FALSE,2.6,5.286,1.89,4.15,8.24,16.2,28.2,10.42,88.24,1.34
3203.5,3168.7,1682,1364,"V1",FALSE,FALSE,3.1,5.286,1.89,4.15,8.24,16.2,28.2,10.42,88.24,1.34
3212.5,3177.7,1687,1367,"V1",FALSE,TRUE,9,5.286,1.89,4.15,8.24,16.2,28.2,10.42,88.24,1.34
3215.2,3180.4,1688,1368,"V1",FALSE,FALSE,2.7,5.286,1.89,4.15,8.24,16.2,28.2,10.42,88.24,1.34
3216.6,3181.8,1689,1369,"V1",FALSE,FALSE,1.4,5.286,1.89,4.15,8.24,16.2,28.2,10.42,88.24,1.34
3219.4,3184.6,1690,1370,"V1",FALSE,FALSE,2.8,5.286,1.89,4.15,8.24,16.2,28.2,10.42,88.24,1.34
3221.3,3186.5,1691,1371,"V1",FALSE,FALSE,1.9,NA,NA,NA,NA,NA,NA,NA,NA,NA
3223.3,3188.5,1693,1372,"V1",FALSE,FALSE,2,NA,NA,NA,NA,NA,NA,NA,NA,NA
3224.7,3189.9,1693,1373,"V1",FALSE,FALSE,1.4,NA,NA,NA,NA,NA,NA,NA,NA,NA
3227,3192.2,1695,1374,"V1",FALSE,FALSE,2.3,NA,NA,NA,NA,NA,NA,NA,NA,NA
3230.3,3195.5,1696,1375,"V1",FALSE,FALSE,3.3,NA,NA,NA,NA,NA,NA,NA,NA,NA
3232.9,3198.1,1698,1376,"V1",FALSE,FALSE,2.6,NA,NA,NA,NA,NA,NA,NA,NA,NA
3236.2,3201.5,1700,1377,"V1",FALSE,FALSE,3.4,NA,NA,NA,NA,NA,NA,NA,NA,NA
3237.8,3203,1701,1378,"V1",FALSE,FALSE,1.5,NA,NA,NA,NA,NA,NA,NA,NA,NA
3240.4,3205.6,1702,1379,"V1",FALSE,FALSE,2.6,NA,NA,NA,NA,NA,NA,NA,NA,NA
3243.5,3208.7,1704,1380,"V1",FALSE,FALSE,3.1,NA,NA,NA,NA,NA,NA,NA,NA,NA
3245.9,3211.1,1705,1381,"V1",FALSE,FALSE,2.4,NA,NA,NA,NA,NA,NA,NA,NA,NA
3248,3213.2,1706,1382,"V1",FALSE,FALSE,2.1,NA,NA,NA,NA,NA,NA,NA,NA,NA
3251.7,3217,1708,1383,"V1",FALSE,FALSE,3.7,4.788,NA,NA,NA,NA,NA,NA,NA,NA
3254.7,3220,1710,1384,"V1",FALSE,FALSE,3,4.788,NA,NA,NA,NA,NA,NA,NA,NA
3257.9,3223.1,1712,1385,"V1",FALSE,FALSE,3.1,4.788,NA,NA,NA,NA,NA,NA,NA,NA
3261.9,3227.1,1714,1386,"V1",FALSE,FALSE,4,4.788,NA,NA,NA,NA,NA,NA,NA,NA
3264.5,3229.7,1715,1387,"V1",FALSE,FALSE,2.6,4.788,NA,NA,NA,NA,NA,NA,NA,NA
3266.1,3231.3,1716,1388,"V1",FALSE,FALSE,1.6,4.788,NA,NA,NA,NA,NA,NA,NA,NA
3275.4,3231.3,1716,1388,"V1",TRUE,FALSE,9.3,NA,NA,NA,NA,NA,NA,NA,NA,NA
3279.3,3235.2,1718,1389,"V1",FALSE,FALSE,3.9,NA,NA,NA,NA,NA,NA,NA,NA,NA
3282.9,3238.8,1720,1390,"V1",FALSE,FALSE,3.6,NA,NA,NA,NA,NA,NA,NA,NA,NA
3285.7,3241.6,1722,1391,"V1",FALSE,FALSE,2.8,NA,NA,NA,NA,NA,NA,NA,NA,NA
3288.5,3244.4,1723,1392,"V1",FALSE,FALSE,2.8,NA,NA,NA,NA,NA,NA,NA,NA,NA
3291.9,3247.8,1725,1393,"V1",FALSE,FALSE,3.4,NA,3.95,5.54,8.42,12.85,18.65,0.045,99.445,0.51
3293.5,3249.4,1726,1394,"V1",FALSE,FALSE,1.7,NA,3.95,5.54,8.42,12.85,18.65,0.045,99.445,0.51
3296.3,3252.2,1728,1395,"V1",FALSE,FALSE,2.8,NA,3.95,5.54,8.42,12.85,18.65,0.045,99.445,0.51
3298.6,3254.5,1729,1396,"V1",FALSE,FALSE,2.3,NA,3.95,5.54,8.42,12.85,18.65,0.045,99.445,0.51
3300.8,3256.7,1730,1397,"V1",FALSE,FALSE,2.2,5.126,2.43,4.54,8.5,15.8,26.9,8.28,90.64,1.08
3303.4,3259.3,1732,1398,"V1",FALSE,FALSE,2.6,5.126,2.43,4.54,8.5,15.8,26.9,8.28,90.64,1.08
3306.6,3262.5,1733,1399,"V1",FALSE,FALSE,3.3,5.126,2.43,4.54,8.5,15.8,26.9,8.28,90.64,1.08
3308,3263.9,1734,1400,"V1",FALSE,FALSE,1.4,5.126,2.43,4.54,8.5,15.8,26.9,8.28,90.64,1.08
3311.1,3267,1736,1401,"V1",FALSE,FALSE,3.1,5.126,2.43,4.54,8.5,15.8,26.9,8.28,90.64,1.08
3313.7,3269.6,1737,1402,"V1",FALSE,FALSE,2.5,5.126,2.43,4.54,8.5,15.8,26.9,8.28,90.64,1.08
3356.1,3312,1761,1417,"V1",FALSE,TRUE,42.4,4.815,NA,NA,NA,NA,NA,NA,NA,NA
3357.9,3313.8,1762,1418,"V1",FALSE,FALSE,1.8,4.815,NA,NA,NA,NA,NA,NA,NA,NA
3361.5,3317.4,1764,1419,"V1",FALSE,FALSE,3.6,4.815,NA,NA,NA,NA,NA,NA,NA,NA
3364.3,3320.2,1765,1420,"V1",FALSE,FALSE,2.8,4.815,NA,NA,NA,NA,NA,NA,NA,NA
3367.8,3323.7,1767,1421,"V1",FALSE,FALSE,3.5,4.815,NA,NA,NA,NA,NA,NA,NA,NA
3370.1,3326,1768,1422,"V1",FALSE,FALSE,2.3,4.815,NA,NA,NA,NA,NA,NA,NA,NA
3373.1,3329,1770,1423,"V1",FALSE,FALSE,3,NA,NA,NA,NA,NA,NA,NA,NA,NA
3375.2,3331.1,1771,1424,"V1",FALSE,FALSE,2.1,NA,NA,NA,NA,NA,NA,NA,NA,NA
3377.5,3333.4,1772,1425,"V1",FALSE,FALSE,2.2,NA,NA,NA,NA,NA,NA,NA,NA,NA
3381.3,3337.2,1775,1426,"V1",FALSE,FALSE,3.9,NA,NA,NA,NA,NA,NA,NA,NA,NA
3384.6,3340.5,1776,1427,"V1",FALSE,FALSE,3.2,NA,NA,NA,NA,NA,NA,NA,NA,NA
3387.5,3343.4,1778,1428,"V1",FALSE,FALSE,3,NA,NA,NA,NA,NA,NA,NA,NA,NA
3390.8,3346.7,1780,1429,"V1",FALSE,FALSE,3.3,NA,NA,NA,NA,NA,NA,NA,NA,NA
3407.5,3363.5,1789,1435,"V1",FALSE,TRUE,16.8,4.868,1.08,3.57,7.14,14,24.2,13.79,85.51,0.7
3411.7,3367.6,1791,1436,"V1",FALSE,FALSE,4.2,4.868,1.08,3.57,7.14,14,24.2,13.79,85.51,0.7
3413.9,3369.8,1793,1437,"V1",FALSE,FALSE,2.2,4.868,1.08,3.57,7.14,14,24.2,13.79,85.51,0.7
3415.9,3371.8,1794,1438,"V1",FALSE,FALSE,2,4.868,1.08,3.57,7.14,14,24.2,13.79,85.51,0.7
3418.3,3374.2,1795,1439,"V1",FALSE,FALSE,2.4,4.868,1.08,3.57,7.14,14,24.2,13.79,85.51,0.7
3420.8,3376.7,1796,1440,"V1",FALSE,FALSE,2.6,NA,NA,NA,NA,NA,NA,NA,NA,NA
3423.6,3379.5,1798,1441,"V1",FALSE,FALSE,2.7,NA,NA,NA,NA,NA,NA,NA,NA,NA
3426.2,3382.1,1799,1442,"V1",FALSE,FALSE,2.6,NA,NA,NA,NA,NA,NA,NA,NA,NA
3428.2,3384.1,1800,1443,"V1",FALSE,FALSE,2,NA,NA,NA,NA,NA,NA,NA,NA,NA
3432.5,3388.4,1803,1444,"V1",FALSE,FALSE,4.3,NA,NA,NA,NA,NA,NA,NA,NA,NA
3435.3,3391.2,1804,1445,"V1",FALSE,FALSE,2.7,NA,NA,NA,NA,NA,NA,NA,NA,NA
3437.4,3393.3,1806,1446,"V1",FALSE,FALSE,2.2,NA,NA,NA,NA,NA,NA,NA,NA,NA
3439.6,3395.5,1807,1447,"V1",FALSE,FALSE,2.2,NA,NA,NA,NA,NA,NA,NA,NA,NA
3441,3396.9,1808,1448,"V1",FALSE,FALSE,1.4,NA,NA,NA,NA,NA,NA,NA,NA,NA
3444.2,3400.1,1809,1449,"V1",FALSE,FALSE,3.2,NA,NA,NA,NA,NA,NA,NA,NA,NA
3446.3,3402.2,1810,1450,"V1",FALSE,FALSE,2.1,NA,NA,NA,NA,NA,NA,NA,NA,NA
3448.7,3404.6,1812,1451,"V1",FALSE,FALSE,2.4,NA,NA,NA,NA,NA,NA,NA,NA,NA
3451.4,3407.3,1813,1452,"V1",FALSE,FALSE,2.7,4.944,NA,NA,NA,NA,NA,NA,NA,NA
3454.5,3410.4,1815,1453,"V1",FALSE,FALSE,3.1,4.944,NA,NA,NA,NA,NA,NA,NA,NA
3456.7,3412.6,1816,1454,"V1",FALSE,FALSE,2.2,4.944,NA,NA,NA,NA,NA,NA,NA,NA
3458.5,3414.4,1817,1455,"V1",FALSE,FALSE,1.8,4.944,NA,NA,NA,NA,NA,NA,NA,NA
3461,3416.9,1819,1456,"V1",FALSE,FALSE,2.5,4.944,NA,NA,NA,NA,NA,NA,NA,NA
3463.8,3419.7,1820,1457,"V1",FALSE,FALSE,2.8,4.944,NA,NA,NA,NA,NA,NA,NA,NA
3466.8,3422.7,1822,1458,"V1",FALSE,FALSE,3,4.944,NA,NA,NA,NA,NA,NA,NA,NA
3470.8,3426.7,1824,1459,"V1",FALSE,FALSE,4,NA,NA,NA,NA,NA,NA,NA,NA,NA
3474.5,3430.4,1826,1460,"V1",FALSE,FALSE,3.7,NA,NA,NA,NA,NA,NA,NA,NA,NA
3477,3432.9,1827,1461,"V1",FALSE,FALSE,2.5,NA,NA,NA,NA,NA,NA,NA,NA,NA
3479,3434.9,1829,1462,"V1",FALSE,FALSE,1.9,NA,NA,NA,NA,NA,NA,NA,NA,NA
3481.5,3437.4,1830,1463,"V1",FALSE,FALSE,2.6,NA,NA,NA,NA,NA,NA,NA,NA,NA
3484,3439.9,1831,1464,"V1",FALSE,FALSE,2.5,NA,NA,NA,NA,NA,NA,NA,NA,NA
3487.4,3443.3,1833,1465,"V1",FALSE,FALSE,3.4,NA,NA,NA,NA,NA,NA,NA,NA,NA
3491.3,3447.2,1835,1466,"V1",FALSE,FALSE,3.9,NA,NA,NA,NA,NA,NA,NA,NA,NA
3495.6,3451.5,1838,1467,"V1",FALSE,FALSE,4.3,NA,NA,NA,NA,NA,NA,NA,NA,NA
3500.5,3456.5,1840,1468,"V1",FALSE,FALSE,4.9,4.888,2.84,4.98,9.09,16.1,25.8,6.33,92.97,0.7
3505,3460.9,1843,1469,"V1",FALSE,FALSE,4.5,4.888,2.84,4.98,9.09,16.1,25.8,6.33,92.97,0.7
3509.8,3465.7,1846,1470,"V1",FALSE,FALSE,4.8,4.888,2.84,4.98,9.09,16.1,25.8,6.33,92.97,0.7
3514.3,3470.2,1848,1471,"V1",FALSE,FALSE,4.5,4.888,2.84,4.98,9.09,16.1,25.8,6.33,92.97,0.7
3517.3,3473.2,1850,1472,"V1",FALSE,FALSE,3,4.888,2.84,4.98,9.09,16.1,25.8,6.33,92.97,0.7
3520.1,3476,1851,1473,"V1",FALSE,FALSE,2.8,4.888,2.84,4.98,9.09,16.1,25.8,6.33,92.97,0.7
3523.6,3479.5,1853,1474,"V1",FALSE,FALSE,3.5,NA,NA,NA,NA,NA,NA,NA,NA,NA
3526.8,3482.7,1855,1475,"V1",FALSE,FALSE,3.2,NA,NA,NA,NA,NA,NA,NA,NA,NA
3529.6,3485.5,1856,1476,"V1",FALSE,FALSE,2.8,NA,NA,NA,NA,NA,NA,NA,NA,NA
3532.8,3488.7,1858,1477,"V1",FALSE,FALSE,3.2,NA,NA,NA,NA,NA,NA,NA,NA,NA
3536,3492,1860,1478,"V1",FALSE,FALSE,3.3,NA,NA,NA,NA,NA,NA,NA,NA,NA
3547.8,3503.7,1866,1481,"V1",FALSE,TRUE,11.8,NA,NA,NA,NA,NA,NA,NA,NA,NA
3557.7,3513.6,1872,1484,"V1",FALSE,TRUE,9.9,5.032,NA,NA,NA,NA,NA,NA,NA,NA
3559.5,3515.4,1873,1485,"V1",FALSE,FALSE,1.8,5.032,NA,NA,NA,NA,NA,NA,NA,NA
3569.4,3525.3,1878,1488,"V1",FALSE,TRUE,9.8,5.032,NA,NA,NA,NA,NA,NA,NA,NA
3576.5,3532.4,1882,1490,"V1",FALSE,TRUE,7.1,NA,NA,NA,NA,NA,NA,NA,NA,NA
3578.5,3534.4,1883,1491,"V1",FALSE,FALSE,2,NA,NA,NA,NA,NA,NA,NA,NA,NA
3581.7,3537.6,1885,1492,"V1",FALSE,FALSE,3.1,NA,NA,NA,NA,NA,NA,NA,NA,NA
3585.5,3541.4,1887,1493,"V1",FALSE,FALSE,3.8,NA,NA,NA,NA,NA,NA,NA,NA,NA
3588.3,3544.3,1889,1494,"V1",FALSE,FALSE,2.9,NA,NA,NA,NA,NA,NA,NA,NA,NA
3590.4,3546.3,1890,1495,"V1",FALSE,FALSE,2,NA,NA,NA,NA,NA,NA,NA,NA,NA
3593.1,3549,1891,1496,"V1",FALSE,FALSE,2.7,NA,NA,NA,NA,NA,NA,NA,NA,NA
3598.9,3554.8,1895,1498,"V1",FALSE,TRUE,5.8,NA,NA,NA,NA,NA,NA,NA,NA,NA
3604.8,3560.7,1898,1499,"V1",FALSE,FALSE,5.9,4.821,1.05,3.64,7.45,14.9,26.5,13.81,84.83,1.36
3607.2,3563.1,1899,1500,"V1",FALSE,FALSE,2.4,4.821,1.05,3.64,7.45,14.9,26.5,13.81,84.83,1.36
3612.6,3568.5,1902,1501,"V1",FALSE,FALSE,5.4,4.821,1.05,3.64,7.45,14.9,26.5,13.81,84.83,1.36
3618.7,3574.6,1906,1502,"V1",FALSE,FALSE,6.1,4.821,1.05,3.64,7.45,14.9,26.5,13.81,84.83,1.36
3621.1,3577,1907,1503,"V1",FALSE,FALSE,2.5,NA,NA,NA,NA,NA,NA,NA,NA,NA
3623.1,3579,1908,1504,"V1",FALSE,FALSE,2,NA,NA,NA,NA,NA,NA,NA,NA,NA
3624.9,3580.8,1909,1505,"V1",FALSE,FALSE,1.8,NA,NA,NA,NA,NA,NA,NA,NA,NA
3627.7,3583.6,1911,1506,"V1",FALSE,FALSE,2.8,NA,NA,NA,NA,NA,NA,NA,NA,NA
3629.3,3585.2,1911,1507,"V1",FALSE,FALSE,1.6,NA,NA,NA,NA,NA,NA,NA,NA,NA
3633.5,3589.4,1914,1508,"V1",FALSE,FALSE,4.1,NA,NA,NA,NA,NA,NA,NA,NA,NA
3637.2,3593.1,1916,1509,"V1",FALSE,FALSE,3.8,NA,NA,NA,NA,NA,NA,NA,NA,NA
3640.5,3596.4,1918,1510,"V1",FALSE,FALSE,3.3,NA,NA,NA,NA,NA,NA,NA,NA,NA
3643.2,3599.1,1919,1511,"V1",FALSE,FALSE,2.7,NA,NA,NA,NA,NA,NA,NA,NA,NA
3645.3,3601.2,1920,1512,"V1",FALSE,FALSE,2.1,NA,NA,NA,NA,NA,NA,NA,NA,NA
3648.8,3604.7,1922,1513,"V1",FALSE,FALSE,3.5,NA,NA,NA,NA,NA,NA,NA,NA,NA
3650.7,3606.6,1923,1514,"V1",FALSE,FALSE,1.9,4.745,NA,NA,NA,NA,NA,NA,NA,NA
3653.6,3609.5,1925,1515,"V1",FALSE,FALSE,2.9,4.745,NA,NA,NA,NA,NA,NA,NA,NA
3659.3,3615.2,1928,1516,"V1",FALSE,FALSE,5.7,4.745,NA,NA,NA,NA,NA,NA,NA,NA
3662,3618,1930,1517,"V1",FALSE,FALSE,2.8,4.745,NA,NA,NA,NA,NA,NA,NA,NA
3663.6,3619.5,1930,1518,"V1",FALSE,FALSE,1.5,4.745,NA,NA,NA,NA,NA,NA,NA,NA
3666.2,3622.1,1932,1519,"V1",FALSE,FALSE,2.7,4.745,NA,NA,NA,NA,NA,NA,NA,NA
3668.8,3624.7,1933,1520,"V1",FALSE,FALSE,2.6,4.745,NA,NA,NA,NA,NA,NA,NA,NA
3670.6,3626.5,1934,1521,"V1",FALSE,FALSE,1.8,NA,NA,NA,NA,NA,NA,NA,NA,NA
3679.9,3635.8,1939,1524,"V1",FALSE,TRUE,9.3,NA,NA,NA,NA,NA,NA,NA,NA,NA
3685.2,3641.1,1942,1525,"V1",FALSE,FALSE,5.3,NA,NA,NA,NA,NA,NA,NA,NA,NA
3687.5,3643.4,1944,1526,"V1",FALSE,FALSE,2.3,NA,NA,NA,NA,NA,NA,NA,NA,NA
3689.7,3645.6,1945,1527,"V1",FALSE,FALSE,2.1,NA,NA,NA,NA,NA,NA,NA,NA,NA
3691.7,3647.7,1946,1528,"V1",FALSE,FALSE,2.1,NA,NA,NA,NA,NA,NA,NA,NA,NA
3693,3648.9,1947,1529,"V1",FALSE,FALSE,1.3,NA,NA,NA,NA,NA,NA,NA,NA,NA
3694.5,3650.4,1947,1530,"V1",FALSE,FALSE,1.4,NA,NA,NA,NA,NA,NA,NA,NA,NA
3695.8,3651.7,1948,1531,"V1",FALSE,FALSE,1.4,NA,NA,NA,NA,NA,NA,NA,NA,NA
3697.1,3653,1949,1532,"V1",FALSE,FALSE,1.3,NA,NA,NA,NA,NA,NA,NA,NA,NA
3698.9,3654.8,1950,1533,"V1",FALSE,FALSE,1.7,NA,NA,NA,NA,NA,NA,NA,NA,NA
3702.6,3658.5,1952,1534,"V1",FALSE,FALSE,3.7,4.534,2.03,4.17,7.87,14.6,24.6,9.89,89.49,0.62
3706,3661.9,1954,1535,"V1",FALSE,FALSE,3.4,4.534,2.03,4.17,7.87,14.6,24.6,9.89,89.49,0.62
3728.6,3684.5,1966,1544,"V1",FALSE,TRUE,22.6,NA,NA,NA,NA,NA,NA,NA,NA,NA
3747.9,3703.8,1977,1551,"V1",FALSE,TRUE,19.3,NA,NA,NA,NA,NA,NA,NA,NA,NA
3750.7,3706.6,1978,1552,"V1",FALSE,FALSE,2.9,4.517,NA,NA,NA,NA,NA,NA,NA,NA
3753.9,3709.8,1980,1553,"V1",FALSE,FALSE,3.1,4.517,NA,NA,NA,NA,NA,NA,NA,NA
3756.9,3712.8,1982,1554,"V1",FALSE,FALSE,3,4.517,NA,NA,NA,NA,NA,NA,NA,NA
3759.8,3715.7,1983,1555,"V1",FALSE,FALSE,2.9,4.517,NA,NA,NA,NA,NA,NA,NA,NA
3761.9,3717.8,1985,1556,"V1",FALSE,FALSE,2.1,4.517,NA,NA,NA,NA,NA,NA,NA,NA
3765,3720.9,1986,1557,"V1",FALSE,FALSE,3.1,4.517,NA,NA,NA,NA,NA,NA,NA,NA
3766.4,3722.3,1987,1558,"V1",FALSE,FALSE,1.4,4.517,NA,NA,NA,NA,NA,NA,NA,NA
3770.6,3726.5,1989,1559,"V1",FALSE,FALSE,4.2,NA,NA,NA,NA,NA,NA,NA,NA,NA
3773.5,3729.4,1991,1560,"V1",FALSE,FALSE,2.8,NA,NA,NA,NA,NA,NA,NA,NA,NA
3777.3,3733.2,1993,1561,"V1",FALSE,FALSE,3.8,NA,NA,NA,NA,NA,NA,NA,NA,NA
3779.5,3735.4,1994,1562,"V1",FALSE,FALSE,2.1,NA,NA,NA,NA,NA,NA,NA,NA,NA
3782.2,3738.1,1996,1563,"V1",FALSE,FALSE,2.7,NA,NA,NA,NA,NA,NA,NA,NA,NA
3784.9,3740.8,1997,1564,"V1",FALSE,FALSE,2.7,NA,NA,NA,NA,NA,NA,NA,NA,NA
3787.5,3743.4,1999,1565,"V1",FALSE,FALSE,2.7,NA,NA,NA,NA,NA,NA,NA,NA,NA
3790.6,3746.5,2000,1566,"V1",FALSE,FALSE,3,NA,NA,NA,NA,NA,NA,NA,NA,NA
3794,3749.9,2002,1567,"V1",FALSE,FALSE,3.4,NA,NA,NA,NA,NA,NA,NA,NA,NA
3796.6,3752.5,2004,1568,"V1",FALSE,FALSE,2.6,NA,NA,NA,NA,NA,NA,NA,NA,NA
3799.9,3755.8,2006,1569,"V1",FALSE,FALSE,3.3,4.279,1.3,3.83,7.48,14.2,23.9,12.2,87.23,0.57
3802.1,3758,2007,1570,"V1",FALSE,FALSE,2.2,4.279,1.3,3.83,7.48,14.2,23.9,12.2,87.23,0.57
3805.1,3761,2008,1571,"V1",FALSE,FALSE,3,4.279,1.3,3.83,7.48,14.2,23.9,12.2,87.23,0.57
3810.9,3766.8,2012,1572,"V1",FALSE,FALSE,5.8,4.279,1.3,3.83,7.48,14.2,23.9,12.2,87.23,0.57
3816.5,3772.4,2015,1573,"V1",FALSE,FALSE,5.5,4.279,1.3,3.83,7.48,14.2,23.9,12.2,87.23,0.57
3819.5,3775.4,2016,1574,"V1",FALSE,FALSE,3,4.279,1.3,3.83,7.48,14.2,23.9,12.2,87.23,0.57
3821.5,3777.4,2018,1575,"V1",FALSE,FALSE,2,NA,NA,NA,NA,NA,NA,NA,NA,NA
3823,3778.9,2018,1576,"V1",FALSE,FALSE,1.5,NA,NA,NA,NA,NA,NA,NA,NA,NA
3826.1,3782,2020,1577,"V1",FALSE,FALSE,3.1,NA,NA,NA,NA,NA,NA,NA,NA,NA
